日期,股票代码,开盘,收盘,最高,最低,成交量,成交额,振幅,涨跌幅,涨跌额,换手率
2020-12-15,003020,12.16,14.9,14.9,12.16,1492,4962239.0,27.73,50.81,5.02,0.64
2020-12-16,003020,16.54,16.54,16.54,16.54,874,3201932.0,0.0,11.01,1.64,0.38
2020-12-17,003020,18.34,18.34,18.34,18.34,978,3942266.0,0.0,10.88,1.8,0.42
2020-12-18,003020,20.33,20.33,20.33,18.79,128462,557015456.0,8.4,10.85,1.99,55.47
2020-12-21,003020,18.15,18.15,19.16,18.15,95109,384374320.0,4.97,-10.72,-2.18,41.07
2020-12-22,003020,17.6,17.75,18.62,17.27,60793,240620823.0,7.44,-2.2,-0.4,26.25
2020-12-23,003020,17.4,16.62,17.6,16.47,61935,230581308.0,6.37,-6.37,-1.13,26.74
2020-12-24,003020,16.57,15.63,16.57,15.57,44017,156552428.0,6.02,-5.96,-0.99,19.01
2020-12-25,003020,15.43,15.64,16.16,15.3,30624,107975981.0,5.5,0.06,0.01,13.22
2020-12-28,003020,15.46,15.01,15.63,14.93,31168,105811950.0,4.48,-4.03,-0.63,13.46
2020-12-29,003020,15.02,15.27,15.48,15.02,24746,84254851.0,3.06,1.73,0.26,10.68
2020-12-30,003020,15.23,15.2,15.62,14.69,30288,101718955.0,6.09,-0.46,-0.07,13.08
2020-12-31,003020,15.24,15.42,15.87,15.15,27567,95257397.0,4.74,1.45,0.22,11.9
2021-01-04,003020,15.28,15.37,15.48,15.06,23219,79371858.0,2.72,-0.32,-0.05,10.03
2021-01-05,003020,15.18,15.97,16.34,15.13,37724,132267617.0,7.87,3.9,0.6,16.29
2021-01-06,003020,15.89,16.22,16.34,15.73,34186,122142138.0,3.82,1.57,0.25,14.76
2021-01-07,003020,15.98,14.82,16.1,14.8,33718,115089163.0,8.01,-8.63,-1.4,14.56
2021-01-08,003020,14.55,15.01,15.19,14.4,19236,63726664.0,5.33,1.28,0.19,8.31
2021-01-11,003020,14.88,14.46,15.32,14.43,17223,56991294.0,5.93,-3.66,-0.55,7.44
2021-01-12,003020,14.28,14.18,14.63,14.13,18572,59616870.0,3.46,-1.94,-0.28,8.02
2021-01-13,003020,14.15,13.47,14.17,13.37,19932,61601565.0,5.64,-5.01,-0.71,8.61
2021-01-14,003020,13.31,13.59,13.9,13.31,14263,43836643.0,4.38,0.89,0.12,6.16
2021-01-15,003020,13.64,14.28,14.46,13.51,23396,74181869.0,6.99,5.08,0.69,10.1
2021-01-18,003020,14.3,14.35,14.65,14.26,16283,52836059.0,2.73,0.49,0.07,7.03
2021-01-19,003020,14.21,14.35,14.51,14.03,12712,40850772.0,3.34,0.0,0.0,5.49
2021-01-20,003020,14.2,14.45,14.57,14.2,10302,33315802.0,2.58,0.7,0.1,4.45
2021-01-21,003020,14.5,14.37,14.74,14.36,13653,44384493.0,2.63,-0.55,-0.08,5.9
2021-01-22,003020,14.26,14.18,14.34,13.93,12680,40262021.0,2.85,-1.32,-0.19,5.47
2021-01-25,003020,14.15,14.74,15.23,13.87,22284,72310452.0,9.59,3.95,0.56,9.62
2021-01-26,003020,14.5,14.66,15.04,14.43,18661,61775554.0,4.14,-0.54,-0.08,8.06
2021-01-27,003020,14.54,14.44,14.73,14.23,11237,36353994.0,3.41,-1.5,-0.22,4.85
2021-01-28,003020,14.26,13.87,14.37,13.87,10107,32087469.0,3.46,-3.95,-0.57,4.36
2021-01-29,003020,13.94,14.11,14.19,13.73,10734,33771982.0,3.32,1.73,0.24,4.63
2021-02-01,003020,14.1,14.74,14.84,13.81,16971,55044783.0,7.3,4.46,0.63,7.33
2021-02-02,003020,14.45,14.75,15.18,14.44,18354,60921305.0,5.02,0.07,0.01,7.92
2021-02-03,003020,14.62,14.23,14.67,14.12,12026,38862344.0,3.73,-3.53,-0.52,5.19
2021-02-04,003020,14.27,15.62,15.8,14.0,37989,127126202.0,12.65,9.77,1.39,16.4
2021-02-05,003020,15.32,14.96,15.6,14.84,27033,91589268.0,4.87,-4.23,-0.66,11.67
2021-02-08,003020,14.97,15.32,15.57,14.65,20425,68798975.0,6.15,2.41,0.36,8.82
2021-02-09,003020,15.18,15.15,15.39,14.91,17412,58991065.0,3.13,-1.11,-0.17,7.52
2021-02-10,003020,15.08,15.02,15.3,14.93,13934,47055236.0,2.44,-0.86,-0.13,6.02
2021-02-18,003020,14.99,15.45,15.63,14.89,20738,70720215.0,4.93,2.86,0.43,8.95
2021-02-19,003020,15.46,15.6,15.67,15.01,20008,68677004.0,4.27,0.97,0.15,8.64
2021-02-22,003020,15.63,15.46,15.87,15.36,23347,81160809.0,3.27,-0.9,-0.14,10.08
2021-02-23,003020,15.24,14.88,15.3,14.82,16670,55939570.0,3.1,-3.75,-0.58,7.2
2021-02-24,003020,14.89,14.56,15.07,14.46,14056,46423167.0,4.1,-2.15,-0.32,6.07
2021-02-25,003020,14.73,14.53,14.73,14.48,8297,27067278.0,1.72,-0.21,-0.03,3.58
2021-02-26,003020,14.35,14.21,14.42,14.15,10539,33751161.0,1.86,-2.2,-0.32,4.55
2021-03-01,003020,14.3,14.53,14.53,14.23,6998,22613813.0,2.11,2.25,0.32,3.02
2021-03-02,003020,14.58,14.16,14.58,14.09,10470,33515101.0,3.37,-2.55,-0.37,4.52
2021-03-03,003020,14.2,14.38,14.41,14.16,7100,22828398.0,1.77,1.55,0.22,3.07
2021-03-04,003020,14.31,14.66,14.87,14.31,15270,50050990.0,3.89,1.95,0.28,6.59
2021-03-05,003020,14.66,14.69,14.72,14.5,7804,25586878.0,1.5,0.2,0.03,3.37
2021-03-08,003020,14.71,14.36,14.84,14.34,10062,33016204.0,3.4,-2.25,-0.33,4.34
2021-03-09,003020,14.36,13.64,14.48,13.1,15171,47243291.0,9.61,-5.01,-0.72,6.55
2021-03-10,003020,13.75,13.38,13.76,13.38,7808,23813017.0,2.79,-1.91,-0.26,3.37
2021-03-11,003020,13.39,13.48,13.55,13.31,5026,15275686.0,1.79,0.75,0.1,2.17
2021-03-12,003020,13.54,13.34,13.54,13.31,5602,16928445.0,1.71,-1.04,-0.14,2.42
2021-03-15,003020,13.41,13.28,13.54,13.2,6553,19766317.0,2.55,-0.45,-0.06,2.83
2021-03-16,003020,13.27,13.39,13.44,13.2,6364,19151499.0,1.81,0.83,0.11,2.75
2021-03-17,003020,13.38,13.63,13.7,13.29,7132,21798348.0,3.06,1.79,0.24,3.08
2021-03-18,003020,13.61,13.67,13.87,13.55,6802,21030771.0,2.35,0.29,0.04,2.94
2021-03-19,003020,13.65,13.91,14.08,13.53,11196,35090107.0,4.02,1.76,0.24,4.83
2021-03-22,003020,14.0,14.24,14.26,13.91,10196,32332217.0,2.52,2.37,0.33,4.4
2021-03-23,003020,14.19,13.91,14.3,13.84,9233,29024374.0,3.23,-2.32,-0.33,3.99
2021-03-24,003020,13.84,13.96,14.07,13.76,6753,21116116.0,2.23,0.36,0.05,2.92
2021-03-25,003020,13.91,13.96,14.11,13.82,5775,18152932.0,2.08,0.0,0.0,2.49
2021-03-26,003020,13.98,14.36,14.52,13.91,15880,50944995.0,4.37,2.87,0.4,6.86
2021-03-29,003020,14.35,14.66,15.44,14.23,18595,60916731.0,8.43,2.09,0.3,8.03
2021-03-30,003020,14.7,14.93,14.99,14.36,18960,62491924.0,4.3,1.84,0.27,8.19
2021-03-31,003020,14.86,15.03,15.22,14.69,18312,61414178.0,3.55,0.67,0.1,7.91
2021-04-01,003020,14.96,14.99,15.03,14.75,13515,44976881.0,1.86,-0.27,-0.04,5.84
2021-04-02,003020,15.04,15.56,16.62,14.9,38839,135064075.0,11.47,3.8,0.57,16.77
2021-04-06,003020,15.33,15.93,16.4,15.32,33638,118903112.0,6.94,2.38,0.37,14.52
2021-04-07,003020,15.94,16.3,16.47,15.73,39198,141078185.0,4.65,2.32,0.37,16.92
2021-04-08,003020,16.22,15.93,16.95,15.71,50051,181798389.0,7.61,-2.27,-0.37,21.61
2021-04-09,003020,15.73,16.48,16.52,15.34,47108,165637018.0,7.41,3.45,0.55,20.34
2021-04-12,003020,16.32,15.8,16.42,15.67,26392,93894026.0,4.55,-4.13,-0.68,11.4
2021-04-13,003020,16.47,16.07,16.47,15.68,24811,88704248.0,5.0,1.71,0.27,10.71
2021-04-14,003020,15.73,15.39,15.93,15.29,24349,84447194.0,3.98,-4.23,-0.68,10.51
2021-04-15,003020,15.24,15.65,16.45,15.24,26394,92711988.0,7.86,1.69,0.26,11.4
2021-04-16,003020,15.59,16.07,16.34,15.38,31516,111506475.0,6.13,2.68,0.42,13.61
2021-04-19,003020,16.03,16.22,16.81,15.97,28863,104662965.0,5.23,0.93,0.15,12.46
2021-04-20,003020,16.24,15.9,16.58,15.86,18518,66432132.0,4.44,-1.97,-0.32,8.0
2021-04-21,003020,15.82,16.76,17.64,15.79,72120,271818480.0,11.64,5.41,0.86,31.14
2021-04-22,003020,16.42,16.96,17.31,16.25,52471,194301511.0,6.32,1.19,0.2,22.66
2021-04-23,003020,16.78,16.78,16.89,16.42,27179,100236210.0,2.77,-1.06,-0.18,11.74
2021-04-26,003020,17.21,18.61,18.61,16.83,61413,241025000.0,10.61,10.91,1.83,26.52
2021-04-27,003020,19.32,20.63,20.63,19.18,84964,375255488.0,7.79,10.85,2.02,36.69
2021-04-28,003020,18.54,21.79,22.63,18.49,109960,491565968.0,20.07,5.62,1.16,47.48
2021-04-29,003020,21.36,21.38,22.6,20.67,74117,344559536.0,8.86,-1.88,-0.41,32.0
2021-04-30,003020,20.22,21.54,21.92,20.16,46989,216045473.0,8.23,0.75,0.16,20.29
2021-05-06,003020,22.07,20.08,22.08,19.93,30874,138916273.0,9.98,-6.78,-1.46,13.33
2021-05-07,003020,20.55,19.14,20.66,18.5,32525,136574442.0,10.76,-4.68,-0.94,14.04
2021-05-10,003020,19.13,19.57,20.46,19.08,24798,107075391.0,7.21,2.25,0.43,10.71
2021-05-11,003020,19.23,19.92,20.06,19.01,20209,86935202.0,5.37,1.79,0.35,8.73
2021-05-12,003020,19.67,19.72,20.11,18.66,20645,88500847.0,7.28,-1.0,-0.2,8.91
2021-05-13,003020,19.4,20.6,21.73,19.4,33472,152344854.0,11.82,4.46,0.88,14.45
2021-05-14,003020,21.11,21.54,21.96,19.85,27558,127244658.0,10.24,4.56,0.94,11.9
2021-05-17,003020,21.54,21.32,21.96,20.87,18331,85476793.0,5.06,-1.02,-0.22,7.91
2021-05-18,003020,21.32,23.6,23.6,21.01,18806,90951285.0,12.15,10.69,2.28,8.12
2021-05-19,003020,24.61,23.25,25.54,23.1,32585,169742200.0,10.34,-1.48,-0.35,14.07
2021-05-20,003020,23.37,22.89,24.09,22.73,20595,103617647.0,5.85,-1.55,-0.36,8.89
2021-05-21,003020,22.95,23.45,25.0,22.88,27075,138165703.0,9.26,2.45,0.56,11.69
2021-05-24,003020,23.47,23.02,23.75,22.14,15526,75489535.0,6.87,-1.83,-0.43,6.7
2021-05-25,003020,22.91,23.37,24.0,22.73,18049,90032318.0,5.52,1.52,0.35,7.79
2021-05-26,003020,23.3,24.12,25.01,22.88,20794,106785370.0,9.11,3.21,0.75,8.98
2021-05-27,003020,24.2,26.66,26.66,23.88,24072,130493990.0,11.53,10.53,2.54,10.39
2021-05-28,003020,27.83,29.45,29.45,27.81,25152,154609535.0,6.15,10.47,2.79,10.86
2021-05-31,003020,30.71,28.99,30.77,28.06,45979,283057968.0,9.2,-1.56,-0.46,19.85
2021-06-01,003020,30.28,32.02,32.02,28.64,28113,182350457.0,11.66,10.45,3.03,12.14
2021-06-02,003020,31.27,29.79,34.6,29.79,46772,317871952.0,15.02,-6.96,-2.23,20.2
2021-06-03,003020,30.32,30.68,31.16,29.16,27426,175248494.0,6.71,2.99,0.89,11.84
2021-06-04,003020,30.61,31.08,32.9,30.61,27689,185489175.0,7.46,1.3,0.4,11.96
2021-06-07,003020,31.73,32.65,33.82,30.66,28817,195834492.0,10.17,5.05,1.57,12.44
2021-06-08,003020,33.32,29.26,33.58,29.26,24688,161999748.0,13.23,-10.38,-3.39,10.66
2021-06-09,003020,27.59,26.89,28.8,26.33,39028,226394266.0,8.44,-8.1,-2.37,16.85
2021-06-10,003020,27.91,28.45,28.84,27.15,24075,143104789.0,6.28,5.8,1.56,10.39
2021-06-11,003020,28.2,26.88,28.67,26.48,18072,103840751.0,7.7,-5.52,-1.57,7.8
2021-06-15,003020,26.87,25.88,27.32,25.64,17304,96958907.0,6.25,-3.72,-1.0,7.47
2021-06-16,003020,26.07,25.94,26.76,25.49,13901,77213646.0,4.91,0.23,0.06,6.0
2021-06-17,003020,25.65,25.69,26.03,25.37,11193,61119170.0,2.54,-0.96,-0.25,4.83
2021-06-18,003020,25.72,26.05,26.5,25.51,11056,61178588.0,3.85,1.4,0.36,4.77
2021-06-21,003020,25.86,26.68,27.31,25.57,13081,73473301.0,6.68,2.42,0.63,5.65
2021-06-22,003020,26.83,25.0,26.92,24.12,25421,134974218.0,10.49,-6.3,-1.68,10.98
2021-06-23,003020,24.74,25.94,26.1,24.22,21540,116511940.0,7.52,3.76,0.94,9.3
2021-06-24,003020,25.84,24.19,25.84,24.01,16135,84643579.0,7.05,-6.75,-1.75,6.97
2021-06-25,003020,24.03,24.8,25.15,24.03,15082,79191432.0,4.63,2.52,0.61,6.51
2021-06-28,003020,24.85,25.1,25.14,24.3,9092,47942204.0,3.39,1.21,0.3,3.93
2021-06-29,003020,25.1,24.37,25.1,24.24,10526,54819924.0,3.43,-2.91,-0.73,4.54
2021-06-30,003020,24.6,23.96,24.6,23.4,12329,62886051.0,4.92,-1.68,-0.41,5.32
2021-07-01,003020,24.15,23.96,24.64,23.78,8955,46382566.0,3.59,0.0,0.0,3.87
2021-07-02,003020,24.4,23.61,24.83,23.38,9649,49606839.0,6.05,-1.46,-0.35,4.17
2021-07-05,003020,23.38,24.09,24.3,23.04,8588,43526410.0,5.34,2.03,0.48,3.71
2021-07-06,003020,24.36,23.38,24.36,22.71,9386,46694757.0,6.85,-2.95,-0.71,4.05
2021-07-07,003020,23.47,24.16,24.23,23.15,8361,42516088.0,4.62,3.34,0.78,3.61
2021-07-08,003020,24.06,22.89,24.06,22.89,9234,46005636.0,4.84,-5.26,-1.27,3.99
2021-07-09,003020,22.4,22.53,22.87,21.79,10983,52669483.0,4.72,-1.57,-0.36,4.74
2021-07-12,003020,21.9,22.87,23.23,21.9,8151,39753533.0,5.9,1.51,0.34,3.52
2021-07-13,003020,22.76,22.39,22.87,22.24,6057,29122559.0,2.75,-2.1,-0.48,2.62
2021-07-14,003020,22.39,23.68,24.12,22.2,12754,63754810.0,8.58,5.76,1.29,5.51
2021-07-15,003020,24.11,23.59,24.11,22.88,9030,45109521.0,5.19,-0.38,-0.09,3.9
2021-07-16,003020,23.33,23.19,23.83,23.18,6396,31967064.0,2.76,-1.7,-0.4,2.76
2021-07-19,003020,23.22,24.08,24.09,22.64,10995,55455399.0,6.25,3.84,0.89,4.75
2021-07-20,003020,23.82,23.5,23.82,22.96,8866,44307417.0,3.57,-2.41,-0.58,3.83
2021-07-21,003020,23.37,23.38,23.53,23.22,4846,24222979.0,1.32,-0.51,-0.12,2.09
2021-07-22,003020,23.38,22.42,23.38,22.39,7735,37521859.0,4.23,-4.11,-0.96,3.34
2021-07-23,003020,22.33,21.65,22.42,21.4,7364,34516586.0,4.55,-3.43,-0.77,3.18
2021-07-26,003020,21.64,20.65,21.64,20.17,9472,42602466.0,6.79,-4.62,-1.0,4.09
2021-07-27,003020,20.41,19.43,20.91,19.38,7232,31195565.0,7.41,-5.91,-1.22,3.12
2021-07-28,003020,19.28,19.45,19.71,18.4,8033,33146620.0,6.74,0.1,0.02,3.47
2021-07-29,003020,19.47,19.97,20.22,19.47,6867,29625154.0,3.86,2.67,0.52,2.96
2021-07-30,003020,20.0,19.85,20.0,19.18,6087,25863318.0,4.11,-0.6,-0.12,2.63
2021-08-02,003020,19.88,20.24,20.33,19.29,5581,23978573.0,5.24,1.96,0.39,2.41
2021-08-03,003020,20.23,20.28,20.61,19.94,5702,24972607.0,3.31,0.2,0.04,2.46
2021-08-04,003020,20.02,20.02,20.55,19.63,5645,24198378.0,4.54,-1.28,-0.26,2.44
2021-08-05,003020,19.82,19.73,20.51,19.73,5050,21868976.0,3.9,-1.45,-0.29,2.18
2021-08-06,003020,19.65,19.28,19.97,19.28,4484,18815617.0,3.5,-2.28,-0.45,1.94
2021-08-09,003020,19.19,20.48,20.71,19.19,9268,40230160.0,7.88,6.22,1.2,4.0
2021-08-10,003020,20.47,21.92,22.63,20.2,14293,67051337.0,11.87,7.03,1.44,6.17
2021-08-11,003020,21.88,21.21,22.0,21.02,7666,35195531.0,4.47,-3.24,-0.71,3.31
2021-08-12,003020,20.92,20.41,21.12,20.34,7611,33713029.0,3.68,-3.77,-0.8,3.29
2021-08-13,003020,20.41,20.04,20.56,20.02,5036,21976132.0,2.65,-1.81,-0.37,2.17
2021-08-16,003020,20.01,21.58,21.88,20.01,12385,56264046.0,9.33,7.68,1.54,5.35
2021-08-17,003020,21.65,19.97,21.65,19.93,13874,61350224.0,7.97,-7.46,-1.61,5.99
2021-08-18,003020,19.93,19.4,20.19,19.02,12600,53000503.0,5.86,-2.85,-0.57,5.44
2021-08-19,003020,19.3,19.44,19.91,19.23,7206,30589616.0,3.51,0.21,0.04,3.11
2021-08-20,003020,19.65,18.77,19.65,18.74,6817,27937527.0,4.68,-3.45,-0.67,2.94
2021-08-23,003020,18.66,19.02,19.29,18.58,4361,18004772.0,3.78,1.33,0.25,1.88
2021-08-24,003020,19.03,19.55,20.37,19.0,9739,41729375.0,7.2,2.79,0.53,4.2
2021-08-25,003020,19.55,20.21,20.39,19.55,7762,33666671.0,4.3,3.38,0.66,3.35
2021-08-26,003020,20.03,19.66,20.05,19.53,6444,27467978.0,2.57,-2.72,-0.55,2.78
2021-08-27,003020,19.62,19.04,19.62,18.92,6330,26279975.0,3.56,-3.15,-0.62,2.73
2021-08-30,003020,19.02,18.94,19.38,18.88,4862,20048644.0,2.63,-0.53,-0.1,2.1
2021-08-31,003020,18.98,18.87,19.26,18.74,4641,19093564.0,2.75,-0.37,-0.07,2.0
2021-09-01,003020,19.09,18.58,19.17,18.5,9747,39467705.0,3.55,-1.54,-0.29,4.21
2021-09-02,003020,18.62,18.3,18.68,18.29,6620,26368378.0,2.1,-1.51,-0.28,2.86
2021-09-03,003020,18.32,18.47,18.72,18.16,5349,21417515.0,3.06,0.93,0.17,2.31
2021-09-06,003020,18.44,19.31,19.4,18.44,8742,36030014.0,5.2,4.55,0.84,3.77
2021-09-07,003020,19.28,19.68,20.07,19.2,9964,42457617.0,4.51,1.92,0.37,4.3
2021-09-08,003020,19.69,19.52,19.87,19.22,6815,28708789.0,3.3,-0.81,-0.16,2.94
2021-09-09,003020,19.54,20.18,20.49,19.54,11234,48900584.0,4.87,3.38,0.66,4.85
2021-09-10,003020,20.17,20.29,20.32,19.72,9138,39393162.0,2.97,0.55,0.11,3.95
2021-09-13,003020,20.27,20.85,21.0,20.07,10541,46965774.0,4.58,2.76,0.56,4.55
2021-09-14,003020,20.86,21.33,22.48,20.85,17794,82641554.0,7.82,2.3,0.48,7.68
2021-09-15,003020,21.05,20.11,21.27,20.02,12680,55541563.0,5.86,-5.72,-1.22,5.47
2021-09-16,003020,20.01,20.01,20.5,19.82,7224,31351017.0,3.38,-0.5,-0.1,3.12
2021-09-17,003020,19.81,20.05,20.34,19.55,7040,30289529.0,3.95,0.2,0.04,3.04
2021-09-22,003020,19.96,20.13,20.66,19.63,5252,22884502.0,5.14,0.4,0.08,2.27
2021-09-23,003020,20.28,20.17,20.57,20.01,5361,23462776.0,2.78,0.2,0.04,2.31
2021-09-24,003020,20.17,20.21,20.43,20.07,4584,19991661.0,1.78,0.2,0.04,1.98
2021-09-27,003020,20.23,21.01,21.09,19.75,9555,42105558.0,6.63,3.96,0.8,4.13
2021-09-28,003020,20.94,20.91,21.4,20.32,8567,38441229.0,5.14,-0.48,-0.1,3.7
2021-09-29,003020,20.91,19.95,21.06,19.92,6570,28822095.0,5.45,-4.59,-0.96,2.84
2021-09-30,003020,20.07,20.38,20.86,20.07,5098,22539733.0,3.96,2.16,0.43,2.2
2021-10-08,003020,20.7,20.91,21.03,20.28,6662,29615278.0,3.68,2.6,0.53,2.88
2021-10-11,003020,20.91,21.49,21.64,20.91,8477,38819599.0,3.49,2.77,0.58,3.66
2021-10-12,003020,21.4,21.27,21.41,20.8,8259,37432345.0,2.84,-1.02,-0.22,3.57
2021-10-13,003020,21.17,21.44,21.64,20.98,8231,37830494.0,3.1,0.8,0.17,3.55
2021-10-14,003020,21.35,21.31,21.5,20.81,7676,34788250.0,3.22,-0.61,-0.13,3.31
2021-10-15,003020,21.19,21.4,21.78,20.86,9343,43030504.0,4.32,0.42,0.09,4.03
2021-10-18,003020,21.19,21.39,21.53,20.73,9373,42665873.0,3.74,-0.05,-0.01,4.05
2021-10-19,003020,21.52,21.2,21.52,21.0,7825,35706821.0,2.43,-0.89,-0.19,3.38
2021-10-20,003020,21.35,20.35,21.35,20.17,7952,35229497.0,5.57,-4.01,-0.85,3.43
2021-10-21,003020,20.27,19.82,20.46,19.55,7222,31161587.0,4.47,-2.6,-0.53,3.12
2021-10-22,003020,19.8,19.86,19.92,19.68,2980,12726233.0,1.21,0.2,0.04,1.29
2021-10-25,003020,19.82,19.76,19.96,19.69,2351,10051210.0,1.36,-0.5,-0.1,1.02
2021-10-26,003020,19.87,19.93,20.16,19.75,3322,14340650.0,2.07,0.86,0.17,1.43
2021-10-27,003020,19.9,19.07,19.99,18.99,4726,19743088.0,5.02,-4.32,-0.86,2.04
2021-10-28,003020,18.84,18.81,19.23,18.79,2578,10568312.0,2.31,-1.36,-0.26,1.11
2021-10-29,003020,18.87,18.79,18.98,18.7,2869,11688060.0,1.49,-0.11,-0.02,1.24
2021-11-01,003020,18.69,18.33,18.91,18.15,7464,29663940.0,4.04,-2.45,-0.46,3.22
2021-11-02,003020,18.2,18.19,18.56,18.1,3547,14111841.0,2.51,-0.76,-0.14,1.53
2021-11-03,003020,18.27,18.34,18.54,18.27,2806,11189863.0,1.48,0.82,0.15,1.21
2021-11-04,003020,18.34,18.24,18.44,18.09,5265,20834805.0,1.91,-0.55,-0.1,2.27
2021-11-05,003020,18.19,18.26,18.33,18.13,1963,7761121.0,1.1,0.11,0.02,0.85
2021-11-08,003020,18.26,18.49,18.54,18.24,2826,11267466.0,1.64,1.26,0.23,1.22
2021-11-09,003020,18.39,18.75,18.84,18.39,3020,12171402.0,2.43,1.41,0.26,1.3
2021-11-10,003020,18.84,18.76,18.84,18.46,3604,14553970.0,2.03,0.05,0.01,1.56
2021-11-11,003020,18.66,18.86,18.93,18.66,2570,10481355.0,1.44,0.53,0.1,1.11
2021-11-12,003020,18.78,19.1,19.16,18.68,3602,14788987.0,2.55,1.27,0.24,1.56
2021-11-15,003020,19.11,19.26,19.27,18.98,2656,11010563.0,1.52,0.84,0.16,1.15
2021-11-16,003020,19.31,18.82,19.31,18.63,4469,18305990.0,3.53,-2.28,-0.44,1.93
2021-11-17,003020,18.82,20.03,20.83,18.68,12342,53167065.0,11.42,6.43,1.21,5.33
2021-11-18,003020,19.8,21.46,22.14,18.97,27125,121415362.0,15.83,7.14,1.43,11.71
2021-11-19,003020,21.46,20.91,21.46,20.51,12220,54789941.0,4.43,-2.56,-0.55,5.28
2021-11-22,003020,20.81,20.72,20.95,20.49,5248,23402408.0,2.2,-0.91,-0.19,2.27
2021-11-23,003020,20.91,20.52,20.91,20.4,4169,18467665.0,2.46,-0.97,-0.2,1.8
2021-11-24,003020,20.41,20.55,20.65,20.36,3552,15711636.0,1.41,0.15,0.03,1.53
2021-11-25,003020,20.65,21.08,21.13,20.41,6403,28786709.0,3.5,2.58,0.53,2.76
2021-11-26,003020,21.06,20.8,21.42,20.76,4927,22234849.0,3.13,-1.33,-0.28,2.13
2021-11-29,003020,20.8,20.33,21.33,20.22,5643,25066381.0,5.34,-2.26,-0.47,2.44
2021-11-30,003020,20.37,20.33,20.51,20.08,3095,13558755.0,2.12,0.0,0.0,1.34
2021-12-01,003020,20.37,20.26,20.55,20.16,3370,14740382.0,1.92,-0.34,-0.07,1.46
2021-12-02,003020,20.26,20.1,20.33,20.07,2150,9343221.0,1.28,-0.79,-0.16,0.93
2021-12-03,003020,20.34,19.92,20.35,19.88,3058,13235088.0,2.34,-0.9,-0.18,1.32
2021-12-06,003020,19.75,20.13,20.41,19.7,7444,32264685.0,3.56,1.05,0.21,3.21
2021-12-07,003020,20.13,19.92,20.35,19.77,4034,17463316.0,2.88,-1.04,-0.21,1.74
2021-12-08,003020,19.85,19.92,19.98,19.52,2081,8881515.0,2.31,0.0,0.0,0.9
2021-12-09,003020,19.78,20.12,20.32,19.75,2532,11007640.0,2.86,1.0,0.2,1.09
2021-12-10,003020,20.09,19.9,20.12,19.82,1817,7837420.0,1.49,-1.09,-0.22,0.78
2021-12-13,003020,19.98,19.84,20.2,19.76,2326,10009069.0,2.21,-0.3,-0.06,1.0
2021-12-14,003020,19.76,20.11,20.11,19.58,3432,14664499.0,2.67,1.36,0.27,1.48
2021-12-15,003020,20.17,22.25,22.25,20.17,32281,152884253.0,10.34,10.64,2.14,8.38
2021-12-16,003020,21.66,21.1,21.66,20.95,27372,124718272.0,3.19,-5.17,-1.15,7.1
2021-12-17,003020,21.0,20.86,21.3,20.85,12574,56968052.0,2.13,-1.14,-0.24,3.26
2021-12-20,003020,20.73,20.66,21.0,20.49,7839,35043833.0,2.44,-0.96,-0.2,2.03
2021-12-21,003020,20.64,20.89,21.08,20.51,6940,31116072.0,2.76,1.11,0.23,1.8
2021-12-22,003020,20.82,20.77,21.1,20.73,6390,28727192.0,1.77,-0.57,-0.12,1.66
2021-12-23,003020,20.71,20.51,20.81,20.51,4625,20497430.0,1.44,-1.25,-0.26,1.2
2021-12-24,003020,20.44,20.8,21.09,20.44,11153,50026594.0,3.17,1.41,0.29,2.89
2021-12-27,003020,20.96,21.33,21.58,20.71,14362,65465703.0,4.18,2.55,0.53,3.73
2021-12-28,003020,21.34,20.76,21.34,20.49,9099,40781676.0,3.98,-2.67,-0.57,2.36
2021-12-29,003020,20.75,20.73,21.09,20.53,5465,24528108.0,2.7,-0.14,-0.03,1.42
2021-12-30,003020,20.73,20.51,20.84,20.21,5856,25808208.0,3.04,-1.06,-0.22,1.52
2021-12-31,003020,20.51,21.33,21.5,20.51,13807,62849121.0,4.83,4.0,0.82,3.58
2022-01-04,003020,21.42,22.16,22.39,21.42,25400,119861706.0,4.55,3.89,0.83,6.59
2022-01-05,003020,22.18,22.84,22.88,21.55,24632,118203249.0,6.0,3.07,0.68,6.39
2022-01-06,003020,22.89,23.68,23.71,22.4,21107,104207562.0,5.74,3.68,0.84,5.48
2022-01-07,003020,24.06,22.96,24.35,22.69,17049,85542576.0,7.01,-3.04,-0.72,4.42
2022-01-10,003020,22.98,23.23,23.83,22.98,12942,64793816.0,3.7,1.18,0.27,3.36
2022-01-11,003020,23.23,23.03,23.81,22.76,16289,80834044.0,4.52,-0.86,-0.2,4.23
2022-01-12,003020,23.47,23.67,24.64,23.47,19538,100189668.0,5.08,2.78,0.64,5.07
2022-01-13,003020,23.66,23.59,24.53,23.37,23893,122484300.0,4.9,-0.34,-0.08,6.2
2022-01-14,003020,23.49,23.92,24.08,23.13,13868,70515808.0,4.03,1.4,0.33,3.6
2022-01-17,003020,23.7,23.92,24.68,23.61,13669,70125710.0,4.47,0.0,0.0,3.55
2022-01-18,003020,23.95,23.49,24.09,23.03,10803,54438543.0,4.43,-1.8,-0.43,2.8
2022-01-19,003020,23.12,24.21,24.62,22.63,17783,90708041.0,8.47,3.07,0.72,4.61
2022-01-20,003020,24.53,24.7,25.82,23.97,22248,118104152.0,7.64,2.02,0.49,5.77
2022-01-21,003020,24.65,23.27,24.95,22.96,18682,94878117.0,8.06,-5.79,-1.43,4.85
2022-01-24,003020,23.12,23.19,24.11,22.92,12979,65173017.0,5.11,-0.34,-0.08,3.37
2022-01-25,003020,23.02,22.06,23.19,21.97,12087,58441777.0,5.26,-4.87,-1.13,3.14
2022-01-26,003020,22.19,21.48,22.54,21.44,8471,39736633.0,4.99,-2.63,-0.58,2.2
2022-01-27,003020,21.47,20.94,21.82,20.94,9259,42527814.0,4.1,-2.51,-0.54,2.4
2022-01-28,003020,21.44,21.65,22.09,20.5,7462,34644318.0,7.59,3.39,0.71,1.94
2022-02-07,003020,21.83,21.28,22.23,21.09,6819,31414567.0,5.27,-1.71,-0.37,1.77
2022-02-08,003020,21.43,21.46,21.54,21.06,4613,21137297.0,2.26,0.85,0.18,1.2
2022-02-09,003020,21.4,23.73,23.73,21.34,13160,64312727.0,11.14,10.58,2.27,3.41
2022-02-10,003020,23.77,23.81,24.36,23.54,12304,63059828.0,3.46,0.34,0.08,3.19
2022-02-11,003020,24.4,21.31,24.4,21.3,17941,85623066.0,13.02,-10.5,-2.5,4.66
2022-02-14,003020,21.31,20.66,21.69,20.54,10139,45709698.0,5.4,-3.05,-0.65,2.63
2022-02-15,003020,20.65,21.41,21.43,19.88,12083,54127711.0,7.5,3.63,0.75,3.14
2022-02-16,003020,21.42,21.24,21.74,20.96,6530,29808802.0,3.64,-0.79,-0.17,1.69
2022-02-17,003020,21.11,20.71,21.2,20.66,6653,29856800.0,2.54,-2.5,-0.53,1.73
2022-02-18,003020,20.7,20.24,20.7,19.86,9193,39963936.0,4.06,-2.27,-0.47,2.39
2022-02-21,003020,20.39,20.76,21.15,20.25,7744,34632924.0,4.45,2.57,0.52,2.01
2022-02-22,003020,20.76,20.21,20.76,20.03,3858,16824288.0,3.52,-2.65,-0.55,1.0
2022-02-23,003020,20.29,20.5,20.63,20.07,3397,14972972.0,2.77,1.43,0.29,0.88
2022-02-24,003020,20.36,20.01,20.73,19.86,7227,31540516.0,4.24,-2.39,-0.49,1.88
2022-02-25,003020,20.22,20.44,20.56,20.14,4900,21499172.0,2.1,2.15,0.43,1.27
2022-02-28,003020,20.32,20.84,21.14,19.68,7366,32562636.0,7.14,1.96,0.4,1.91
2022-03-01,003020,20.84,20.92,21.04,20.74,3217,14496815.0,1.44,0.38,0.08,0.83
2022-03-02,003020,20.91,20.93,21.06,20.66,3774,16934706.0,1.91,0.05,0.01,0.98
2022-03-03,003020,21.07,21.04,21.12,20.74,3353,15128591.0,1.82,0.53,0.11,0.87
2022-03-04,003020,20.91,21.24,21.65,20.9,4889,22383238.0,3.56,0.95,0.2,1.27
2022-03-07,003020,21.24,20.49,21.36,20.48,4549,20327867.0,4.14,-3.53,-0.75,1.18
2022-03-08,003020,20.54,19.85,20.66,19.68,5221,22591609.0,4.78,-3.12,-0.64,1.35
2022-03-09,003020,19.74,19.25,20.16,18.46,3790,15849324.0,8.56,-3.02,-0.6,0.98
2022-03-10,003020,19.58,19.95,20.31,19.58,2764,11916536.0,3.79,3.64,0.7,0.72
2022-03-11,003020,19.86,20.05,20.26,19.57,3358,14459818.0,3.46,0.5,0.1,0.87
2022-03-14,003020,20.17,19.41,20.18,19.25,4681,19780762.0,4.64,-3.19,-0.64,1.21
2022-03-15,003020,19.28,18.11,19.28,18.1,5073,20504589.0,6.08,-6.7,-1.3,1.32
2022-03-16,003020,18.24,18.07,18.83,17.41,6055,23555301.0,7.84,-0.22,-0.04,1.57
2022-03-17,003020,18.19,18.55,18.88,18.19,3916,15777288.0,3.82,2.66,0.48,1.02
2022-03-18,003020,18.89,19.41,19.92,18.54,6705,28096259.0,7.44,4.64,0.86,1.74
2022-03-21,003020,19.38,20.37,20.51,19.37,7344,31950903.0,5.87,4.95,0.96,1.91
2022-03-22,003020,20.18,19.96,20.54,19.82,3935,17016350.0,3.53,-2.01,-0.41,1.02
2022-03-23,003020,19.98,19.92,20.23,19.75,3147,13563417.0,2.4,-0.2,-0.04,0.82
2022-03-24,003020,19.94,20.27,20.45,19.75,4897,21351375.0,3.51,1.76,0.35,1.27
2022-03-25,003020,20.45,20.91,21.55,20.32,8232,37271028.0,6.07,3.16,0.64,2.14
2022-03-28,003020,21.0,21.44,21.51,20.52,7527,34234071.0,4.73,2.53,0.53,1.95
2022-03-29,003020,21.65,21.11,21.65,20.95,4986,22812388.0,3.26,-1.54,-0.33,1.29
2022-03-30,003020,21.35,21.29,21.57,21.15,2923,13389358.0,1.99,0.85,0.18,0.76
2022-03-31,003020,21.49,22.01,22.19,21.26,5765,27135964.0,4.37,3.38,0.72,1.5
2022-04-01,003020,21.84,20.79,21.86,20.72,6474,29432441.0,5.18,-5.54,-1.22,1.68
2022-04-06,003020,21.38,21.65,21.7,21.0,7863,36338147.0,3.37,4.14,0.86,2.04
2022-04-07,003020,21.58,20.63,21.67,20.53,4317,19361591.0,5.27,-4.71,-1.02,1.12
2022-04-08,003020,20.48,20.99,21.35,20.4,7024,31524337.0,4.6,1.75,0.36,1.82
2022-04-11,003020,20.99,20.71,21.25,20.61,5078,22789683.0,3.05,-1.33,-0.28,1.32
2022-04-12,003020,20.55,20.48,20.96,20.21,3602,15877411.0,3.62,-1.11,-0.23,0.93
2022-04-13,003020,20.24,19.27,20.65,19.19,4335,18371860.0,7.13,-5.91,-1.21,1.12
2022-04-14,003020,19.43,19.45,19.7,19.11,2432,10244865.0,3.06,0.93,0.18,0.63
2022-04-15,003020,19.61,19.56,19.62,19.2,1581,6652751.0,2.16,0.57,0.11,0.41
2022-04-18,003020,19.55,19.71,19.75,18.97,3366,14051280.0,3.99,0.77,0.15,0.87
2022-04-19,003020,19.77,20.54,21.09,19.77,7329,32427630.0,6.7,4.21,0.83,1.9
2022-04-20,003020,20.69,19.18,20.94,18.97,11330,48062102.0,9.59,-6.62,-1.36,2.94
2022-04-21,003020,19.37,17.82,19.4,17.7,7950,31578322.0,8.86,-7.09,-1.36,2.06
2022-04-22,003020,17.71,18.27,18.47,17.71,6365,25064552.0,4.26,2.53,0.45,1.65
2022-04-25,003020,17.88,16.32,18.12,16.32,9876,36505540.0,9.85,-10.67,-1.95,2.56
2022-04-26,003020,16.21,15.52,16.41,15.42,8731,30407947.0,6.07,-4.9,-0.8,2.27
2022-04-27,003020,15.28,15.91,16.13,14.54,9415,31387037.0,10.24,2.51,0.39,2.44
2022-04-28,003020,15.91,15.58,16.11,15.43,4178,14432114.0,4.27,-2.07,-0.33,1.08
2022-04-29,003020,15.75,16.37,16.68,15.67,7883,28053564.0,6.48,5.07,0.79,2.05
2022-05-05,003020,16.5,17.44,17.48,16.12,10991,40830995.0,8.31,6.54,1.07,2.85
2022-05-06,003020,17.31,17.64,17.97,17.06,8039,30776495.0,5.22,1.15,0.2,2.09
2022-05-09,003020,17.64,18.67,18.87,17.48,8165,32512091.0,7.88,5.84,1.03,2.12
2022-05-10,003020,18.44,19.01,19.47,18.19,6657,27207909.0,6.86,1.82,0.34,1.73
2022-05-11,003020,19.09,18.69,19.45,18.69,6310,25947126.0,4.0,-1.68,-0.32,1.64
2022-05-12,003020,18.69,19.22,19.4,18.48,7065,29318448.0,4.92,2.84,0.53,1.83
2022-05-13,003020,19.28,19.35,19.42,19.19,3399,14199591.0,1.2,0.68,0.13,0.88
2022-05-16,003020,19.42,19.72,19.96,19.41,4509,19206032.0,2.84,1.91,0.37,1.14
2022-05-17,003020,19.62,19.11,19.8,18.93,5923,24546978.0,4.41,-3.09,-0.61,1.5
2022-05-18,003020,19.16,19.08,19.47,19.07,3030,12633255.0,2.09,-0.16,-0.03,0.77
2022-05-19,003020,19.08,19.38,19.41,18.79,3589,14800225.0,3.25,1.57,0.3,0.91
2022-05-20,003020,19.48,19.17,19.48,19.0,4288,17775965.0,2.48,-1.08,-0.21,1.09
2022-05-23,003020,19.45,19.36,19.97,19.13,9150,29185010.0,4.38,0.99,0.19,1.79
2022-05-24,003020,19.38,19.72,20.01,19.02,12214,39022207.0,5.11,1.86,0.36,2.38
2022-05-25,003020,19.77,18.93,19.77,18.65,11477,35523810.0,5.68,-4.01,-0.79,2.24
2022-05-26,003020,18.9,18.76,18.99,18.55,6361,19595074.0,2.32,-0.9,-0.17,1.24
2022-05-27,003020,18.86,18.55,18.93,18.36,9567,29051658.0,3.04,-1.12,-0.21,1.87
2022-05-30,003020,18.49,18.26,18.56,18.1,6035,18150637.0,2.48,-1.56,-0.29,1.18
2022-05-31,003020,18.23,18.07,18.34,17.78,8942,26412852.0,3.07,-1.04,-0.19,1.74
2022-06-01,003020,18.05,18.23,18.45,17.84,7528,22430901.0,3.38,0.89,0.16,1.47
2022-06-02,003020,18.29,17.91,18.29,17.83,7132,20998849.0,2.52,-1.76,-0.32,1.39
2022-06-06,003020,18.05,18.29,18.54,17.92,7283,21871701.0,3.46,2.12,0.38,1.42
2022-06-07,003020,18.29,18.23,18.52,18.1,7272,21770948.0,2.3,-0.33,-0.06,1.42
2022-06-08,003020,18.49,17.93,18.49,17.77,6549,19372488.0,3.95,-1.65,-0.3,1.28
2022-06-09,003020,18.04,17.47,18.04,17.38,7440,21509067.0,3.68,-2.57,-0.46,1.45
2022-06-10,003020,17.47,17.59,17.78,17.35,5147,14822638.0,2.46,0.69,0.12,1.0
2022-06-13,003020,17.42,17.52,17.6,17.19,5868,16728188.0,2.33,-0.4,-0.07,1.15
2022-06-14,003020,17.52,17.4,17.56,16.95,5652,16055646.0,3.48,-0.68,-0.12,1.1
2022-06-15,003020,17.39,17.42,17.65,17.29,6158,17668505.0,2.07,0.11,0.02,1.2
2022-06-16,003020,17.28,17.52,17.88,17.28,8184,23672148.0,3.44,0.57,0.1,1.6
2022-06-17,003020,17.43,17.51,17.55,17.17,5487,15711043.0,2.17,-0.06,-0.01,1.07
2022-06-20,003020,17.56,18.01,18.02,17.43,9955,29059876.0,3.37,2.86,0.5,1.94
2022-06-21,003020,18.05,17.77,18.23,17.52,7916,23264919.0,3.94,-1.33,-0.24,1.54
2022-06-22,003020,17.83,17.65,17.96,17.58,4231,12294186.0,2.14,-0.68,-0.12,0.83
2022-06-23,003020,17.65,17.74,17.78,17.3,4695,13550282.0,2.72,0.51,0.09,0.92
2022-06-24,003020,17.82,17.86,18.08,17.59,7693,22542032.0,2.76,0.68,0.12,1.5
2022-06-27,003020,17.93,17.86,18.2,17.74,7679,22546358.0,2.58,0.0,0.0,1.5
2022-06-28,003020,17.84,17.91,17.96,17.62,6879,20163160.0,1.9,0.28,0.05,1.34
2022-06-29,003020,17.88,17.72,17.97,17.72,5526,16187140.0,1.4,-1.06,-0.19,1.08
2022-06-30,003020,17.72,17.92,18.33,17.71,13457,39859005.0,3.5,1.13,0.2,2.63
2022-07-01,003020,17.88,18.14,18.21,17.86,7323,21689444.0,1.95,1.23,0.22,1.43
2022-07-04,003020,18.26,18.58,18.74,17.92,18606,56104950.0,4.52,2.43,0.44,3.63
2022-07-05,003020,18.68,17.85,18.68,17.73,18671,55296846.0,5.11,-3.93,-0.73,3.64
2022-07-06,003020,17.84,17.65,18.22,17.49,9981,29110234.0,4.09,-1.12,-0.2,1.95
2022-07-07,003020,17.63,17.43,17.64,17.08,7561,21591291.0,3.17,-1.25,-0.22,1.48
2022-07-08,003020,17.43,17.91,18.13,17.42,9840,28840807.0,4.07,2.75,0.48,1.92
2022-07-11,003020,17.91,18.2,18.58,17.79,15276,45695367.0,4.41,1.62,0.29,2.98
2022-07-12,003020,18.1,18.02,18.29,17.67,12448,36664241.0,3.41,-0.99,-0.18,2.43
2022-07-13,003020,18.13,17.65,18.26,17.56,11523,33677636.0,3.88,-2.05,-0.37,2.25
2022-07-14,003020,17.66,18.03,18.33,17.65,11803,35034843.0,3.85,2.15,0.38,2.3
2022-07-15,003020,17.97,17.59,17.97,17.52,9797,28513505.2,2.5,-2.44,-0.44,1.91
2022-07-18,003020,17.49,17.59,17.88,17.49,7668,22231771.05,2.22,0.0,0.0,1.5
2022-07-19,003020,17.63,17.65,17.81,17.49,4536,13134507.8,1.82,0.34,0.06,0.89
2022-07-20,003020,17.65,17.61,17.89,17.56,8155,23702837.3,1.87,-0.23,-0.04,1.59
2022-07-21,003020,17.6,17.9,18.08,17.43,11145,32518438.8,3.69,1.65,0.29,2.17
2022-07-22,003020,17.84,17.38,18.09,17.26,11961,34456495.15,4.64,-2.91,-0.52,2.33
2022-07-25,003020,17.4,17.35,17.52,17.24,5038,14365414.0,1.61,-0.17,-0.03,0.98
2022-07-26,003020,17.31,17.53,17.54,16.76,9316,26302854.5,4.5,1.04,0.18,1.82
2022-07-27,003020,17.5,17.2,17.64,17.08,7110,20178151.1,3.19,-1.88,-0.33,1.39
2022-07-28,003020,17.26,17.12,17.33,17.11,4139,11701830.8,1.28,-0.47,-0.08,0.81
2022-07-29,003020,17.11,16.93,17.2,16.92,5146,14427026.5,1.64,-1.11,-0.19,1.0
2022-08-01,003020,16.92,16.59,16.95,16.47,7212,19749808.5,2.84,-2.01,-0.34,1.41
2022-08-02,003020,16.63,15.59,16.63,15.34,11899,30953870.03,7.78,-6.03,-1.0,2.32
2022-08-03,003020,15.61,15.56,16.05,15.41,7331,19062415.0,4.11,-0.19,-0.03,1.43
2022-08-04,003020,15.57,15.64,15.77,15.4,6339,16330276.01,2.38,0.51,0.08,1.24
2022-08-05,003020,15.76,15.95,16.04,15.68,7725,20264772.75,2.3,1.98,0.31,1.51
2022-08-08,003020,16.05,16.21,16.37,15.95,4606,12333608.9,2.63,1.63,0.26,0.9
2022-08-09,003020,16.22,16.17,16.26,16.04,3458,9222237.57,1.36,-0.25,-0.04,0.67
2022-08-10,003020,16.27,16.08,16.27,15.98,5472,14537859.2,1.79,-0.56,-0.09,1.07
2022-08-11,003020,16.08,16.43,16.5,16.08,5550,14923635.7,2.61,2.18,0.35,1.08
2022-08-12,003020,16.43,16.38,16.59,16.32,4239,11490394.8,1.64,-0.3,-0.05,0.83
2022-08-15,003020,16.4,16.27,16.48,16.21,5383,14491918.6,1.65,-0.67,-0.11,1.05
2022-08-16,003020,16.26,16.41,16.47,16.26,5184,14026877.5,1.29,0.86,0.14,1.01
2022-08-17,003020,16.49,16.36,16.53,16.26,5894,15896051.01,1.65,-0.3,-0.05,1.15
2022-08-18,003020,16.38,16.29,16.38,16.21,4536,12175663.11,1.04,-0.43,-0.07,0.89
2022-08-19,003020,16.22,16.05,16.39,16.02,4891,13053476.38,2.27,-1.47,-0.24,0.95
2022-08-22,003020,16.06,16.27,16.33,15.78,6141,16416225.9,3.43,1.37,0.22,1.2
2022-08-23,003020,16.04,16.27,16.37,15.99,6183,16578917.5,2.34,0.0,0.0,1.21
2022-08-24,003020,16.36,15.92,16.43,15.73,6470,17217177.6,4.3,-2.15,-0.35,1.26
2022-08-25,003020,15.97,15.84,16.04,15.67,4445,11605968.69,2.32,-0.5,-0.08,0.87
2022-08-26,003020,15.93,15.88,16.02,15.7,4043,10618999.94,2.02,0.25,0.04,0.79
2022-08-29,003020,16.23,17.56,17.56,16.18,34591,98875144.3,8.69,10.58,1.68,6.75
2022-08-30,003020,17.28,18.08,18.53,16.86,58188,166999400.54,9.51,2.96,0.52,11.35
2022-08-31,003020,17.64,17.98,18.45,17.08,43828,127375605.94,7.58,-0.55,-0.1,8.55
2022-09-01,003020,17.95,18.13,18.15,17.52,24640,72247365.65,3.5,0.83,0.15,4.81
2022-09-02,003020,17.81,18.29,18.42,17.69,30150,89411917.44,4.03,0.88,0.16,5.88
2022-09-05,003020,18.02,18.87,18.99,17.59,38888,117078431.26,7.65,3.17,0.58,7.59
2022-09-06,003020,18.79,18.49,19.24,18.45,33023,102278036.57,4.19,-2.01,-0.38,6.44
2022-09-07,003020,18.51,18.52,18.84,18.2,30736,93153737.13,3.46,0.16,0.03,6.0
2022-09-08,003020,18.3,18.43,18.53,18.09,10674,32090393.02,2.38,-0.49,-0.09,2.08
2022-09-09,003020,18.42,18.93,18.93,18.29,20860,63926049.65,3.47,2.71,0.5,4.07
2022-09-13,003020,18.81,19.25,19.51,18.45,23655,73743652.45,5.6,1.69,0.32,4.62
2022-09-14,003020,18.86,19.89,20.02,18.82,27959,89710949.76,6.23,3.32,0.64,5.46
2022-09-15,003020,19.77,20.08,20.4,19.5,22205,71994974.4,4.52,0.96,0.19,4.33
2022-09-16,003020,19.73,19.0,20.04,18.97,18004,57410488.65,5.33,-5.38,-1.08,3.51
2022-09-19,003020,19.02,19.17,19.58,18.54,12921,40448999.68,5.47,0.89,0.17,2.52
2022-09-20,003020,18.96,18.8,19.29,18.7,10396,32098677.6,3.08,-1.93,-0.37,2.03
2022-09-21,003020,18.72,18.83,19.06,18.42,8475,26058467.86,3.4,0.16,0.03,1.65
2022-09-22,003020,18.84,18.52,19.31,18.45,10686,32911105.78,4.57,-1.65,-0.31,2.09
2022-09-23,003020,18.7,18.02,19.0,17.98,10942,32879426.72,5.51,-2.7,-0.5,2.14
2022-09-26,003020,18.09,17.68,18.16,17.52,8879,25953390.3,3.55,-1.89,-0.34,1.73
2022-09-27,003020,17.78,18.49,18.52,17.66,8475,25267251.09,4.86,4.58,0.81,1.65
2022-09-28,003020,18.43,18.24,18.71,18.11,8980,27135119.47,3.24,-1.35,-0.25,1.75
2022-09-29,003020,18.55,18.84,20.11,18.31,26915,84628482.79,9.87,3.29,0.6,5.25
2022-09-30,003020,19.02,19.17,19.43,18.65,19802,61932166.24,4.14,1.75,0.33,3.86
2022-10-10,003020,19.17,18.37,19.45,18.17,15932,49039240.4,6.68,-4.17,-0.8,3.11
2022-10-11,003020,18.22,17.99,18.42,17.52,11467,33579022.96,4.9,-2.07,-0.38,2.24
2022-10-12,003020,18.15,19.63,19.88,18.12,49855,158995486.25,9.78,9.12,1.64,9.8
2022-10-13,003020,19.34,20.24,20.69,19.1,47617,155132666.91,8.1,3.11,0.61,9.36
2022-10-14,003020,19.9,20.52,21.26,19.77,49724,166957099.96,7.36,1.38,0.28,9.77
2022-10-17,003020,20.7,20.6,21.04,20.2,28601,96016139.65,4.09,0.39,0.08,5.62
2022-10-18,003020,20.41,22.76,22.76,20.22,53029,189687356.26,12.33,10.49,2.16,10.42
2022-10-19,003020,22.83,24.38,24.71,22.19,86169,323588550.0,11.07,7.12,1.62,16.94
2022-10-20,003020,23.56,23.19,24.24,23.05,43239,166147218.09,4.88,-4.88,-1.19,8.5
2022-10-21,003020,23.23,23.54,23.71,22.59,26965,101498180.3,4.83,1.51,0.35,5.3
2022-10-24,003020,23.08,22.52,23.42,21.82,29294,106853068.7,6.8,-4.33,-1.02,5.76
2022-10-25,003020,22.19,22.42,22.88,21.47,26483,95211735.56,6.26,-0.44,-0.1,5.21
2022-10-26,003020,22.46,24.51,24.7,22.46,42459,165484070.95,9.99,9.32,2.09,8.35
2022-10-27,003020,24.41,24.7,25.31,23.56,29204,115965645.77,7.14,0.78,0.19,5.74
2022-10-28,003020,24.96,24.34,24.96,24.07,13851,54656539.26,3.6,-1.46,-0.36,2.72
2022-10-31,003020,24.49,24.61,24.72,23.56,17289,67980985.35,4.77,1.11,0.27,3.4
2022-11-01,003020,24.51,23.93,25.26,23.6,23980,93423252.28,6.75,-2.76,-0.68,4.71
2022-11-02,003020,23.85,23.49,24.31,23.3,19832,76459269.51,4.22,-1.84,-0.44,3.9
2022-11-03,003020,23.2,23.04,23.72,22.14,29656,110550438.9,6.73,-1.92,-0.45,5.83
2022-11-04,003020,23.19,23.28,23.47,22.72,15306,57582768.78,3.26,1.04,0.24,3.01
2022-11-07,003020,23.44,22.97,23.46,22.72,10536,39322594.98,3.18,-1.33,-0.31,2.07
2022-11-08,003020,23.1,23.29,23.39,22.43,10257,38321143.98,4.18,1.39,0.32,2.02
2022-11-09,003020,23.17,24.04,24.54,23.01,19262,74864703.43,6.57,3.22,0.75,3.79
2022-11-10,003020,24.04,24.22,24.63,23.77,15503,61110744.6,3.58,0.75,0.18,3.05
2022-11-11,003020,24.58,22.53,24.61,22.47,23085,88274678.42,8.84,-6.98,-1.69,4.54
2022-11-14,003020,22.92,24.07,24.56,22.56,23068,88983536.8,8.88,6.84,1.54,4.53
2022-11-15,003020,24.07,23.65,24.38,23.29,17821,68361123.2,4.53,-1.74,-0.42,3.5
2022-11-16,003020,23.54,23.42,23.72,23.14,9281,35185951.9,2.45,-0.97,-0.23,1.82
2022-11-17,003020,23.36,23.65,24.08,23.14,9771,37511951.5,4.01,0.98,0.23,1.92
2022-11-18,003020,23.54,23.94,24.54,23.5,11135,43396809.65,4.4,1.23,0.29,2.19
2022-11-21,003020,23.94,25.22,25.26,23.43,25027,99939666.78,7.64,5.35,1.28,4.92
2022-11-22,003020,24.9,23.75,25.52,23.52,19870,78604911.7,7.93,-5.83,-1.47,3.91
2022-11-23,003020,23.47,23.1,23.97,22.7,12902,48332125.78,5.35,-2.74,-0.65,2.54
2022-11-24,003020,23.08,23.52,23.67,23.03,4800,18221873.7,2.77,1.82,0.42,0.94
2022-11-25,003020,23.52,22.85,23.65,22.76,6656,24836456.4,3.78,-2.85,-0.67,1.31
2022-11-28,003020,22.64,22.46,23.38,22.19,7635,28095105.56,5.21,-1.71,-0.39,1.5
2022-11-29,003020,22.43,22.9,23.34,22.43,8391,31249079.45,4.05,1.96,0.44,1.65
2022-11-30,003020,23.17,22.7,23.17,22.47,6585,24386894.26,3.06,-0.87,-0.2,1.29
2022-12-01,003020,23.25,23.36,23.44,22.34,9529,35569575.17,4.85,2.91,0.66,1.87
2022-12-02,003020,23.27,22.97,23.84,22.85,8468,31805284.28,4.24,-1.67,-0.39,1.66
2022-12-05,003020,22.84,23.04,23.41,22.48,9725,36109986.6,4.05,0.3,0.07,1.91
2022-12-06,003020,22.74,22.4,23.03,22.21,8151,29739136.08,3.56,-2.78,-0.64,1.6
2022-12-07,003020,22.4,22.72,22.88,22.18,7147,26292808.03,3.13,1.43,0.32,1.4
2022-12-08,003020,22.7,22.82,22.98,22.33,5800,21390994.15,2.86,0.44,0.1,1.14
2022-12-09,003020,22.86,22.65,23.14,22.64,6588,24439138.53,2.19,-0.74,-0.17,1.3
2022-12-12,003020,22.78,22.78,22.91,22.52,8006,29541442.9,1.72,0.57,0.13,1.57
2022-12-13,003020,22.85,22.01,22.95,21.55,19327,68881722.85,6.15,-3.38,-0.77,3.8
2022-12-14,003020,22.11,21.59,22.17,21.42,10829,38254181.3,3.41,-1.91,-0.42,2.13
2022-12-15,003020,21.56,21.7,22.24,21.43,14143,50141312.3,3.75,0.51,0.11,2.78
2022-12-16,003020,21.72,22.02,22.37,21.72,9871,35356351.6,3.0,1.47,0.32,1.94
2022-12-19,003020,22.02,20.93,22.02,20.86,11310,38930993.3,5.27,-4.95,-1.09,2.22
2022-12-20,003020,20.95,20.73,21.15,20.51,8184,27731229.0,3.06,-0.96,-0.2,1.61
2022-12-21,003020,20.64,20.8,21.02,20.51,6546,22116230.8,2.46,0.34,0.07,1.29
2022-12-22,003020,20.81,20.09,20.81,20.01,12731,42269197.11,3.85,-3.41,-0.71,2.5
2022-12-23,003020,22.04,20.64,22.19,20.27,55727,195918857.5,9.56,2.74,0.55,10.95
2022-12-26,003020,19.73,20.29,20.63,19.01,44543,144257642.91,7.85,-1.7,-0.35,8.76
2022-12-27,003020,19.93,20.03,20.27,19.38,22981,74767558.29,4.39,-1.28,-0.26,4.52
2022-12-28,003020,20.08,19.74,20.08,19.58,14869,48091718.76,2.5,-1.45,-0.29,2.92
2022-12-29,003020,19.74,20.52,20.74,19.36,17838,58816050.7,6.99,3.95,0.78,3.51
2022-12-30,003020,20.53,19.77,20.59,19.71,16899,55063842.41,4.29,-3.65,-0.75,3.32
2023-01-03,003020,19.71,21.07,21.35,19.7,23783,81152832.65,8.35,6.58,1.3,4.68
2023-01-04,003020,20.76,20.89,21.27,20.7,11078,37724162.26,2.71,-0.85,-0.18,2.18
2023-01-05,003020,20.86,20.92,21.49,20.62,13520,46445737.48,4.16,0.14,0.03,2.66
2023-01-06,003020,20.86,21.04,21.29,20.65,9442,32410057.7,3.06,0.57,0.12,1.86
2023-01-09,003020,20.84,21.56,21.61,20.84,11170,38878540.58,3.66,2.47,0.52,2.2
2023-01-10,003020,21.45,22.01,22.33,21.26,14213,50565214.4,4.96,2.09,0.45,2.79
2023-01-11,003020,21.94,21.93,22.31,21.82,10870,39035082.9,2.23,-0.36,-0.08,2.14
2023-01-12,003020,21.95,21.76,22.27,21.43,15537,55390073.4,3.83,-0.78,-0.17,3.05
2023-01-13,003020,21.81,22.16,22.2,21.56,12278,43795295.75,2.94,1.84,0.4,2.41
2023-01-16,003020,22.37,22.4,22.86,22.01,14168,51680448.14,3.84,1.08,0.24,2.79
2023-01-17,003020,22.42,22.44,22.78,22.2,10520,38438690.4,2.59,0.18,0.04,2.07
2023-01-18,003020,22.63,22.65,23.07,22.24,8963,33002639.2,3.7,0.94,0.21,1.76
2023-01-19,003020,22.58,22.97,23.2,22.3,8543,31713072.34,3.97,1.41,0.32,1.68
2023-01-20,003020,23.09,22.84,23.47,22.79,8661,32354235.24,2.96,-0.57,-0.13,1.7
2023-01-30,003020,23.1,23.42,23.47,22.81,12746,48015925.25,2.89,2.54,0.58,2.51
2023-01-31,003020,23.37,23.61,23.77,23.22,11470,43648145.34,2.35,0.81,0.19,2.25
2023-02-01,003020,23.59,23.92,24.19,23.42,11261,43484377.1,3.26,1.31,0.31,2.21
2023-02-02,003020,23.93,24.33,24.63,23.74,12585,49585713.78,3.72,1.71,0.41,2.47
2023-02-03,003020,24.33,24.08,24.88,24.04,11805,46598893.14,3.45,-1.03,-0.25,2.32
2023-02-06,003020,24.19,23.82,24.23,23.67,10352,40033271.5,2.33,-1.08,-0.26,2.03
2023-02-07,003020,24.24,23.44,24.7,23.29,11389,43692450.2,5.92,-1.6,-0.38,2.24
2023-02-08,003020,23.56,23.1,23.58,22.83,16218,60883689.3,3.2,-1.45,-0.34,3.19
2023-02-09,003020,23.04,23.61,23.66,23.04,6960,26475248.7,2.68,2.21,0.51,1.37
2023-02-10,003020,23.49,23.54,23.95,23.36,6016,23012575.1,2.5,-0.3,-0.07,1.18
2023-02-13,003020,23.26,24.11,24.58,23.26,14645,57125787.2,5.61,2.42,0.57,2.88
2023-02-14,003020,24.18,24.32,24.51,23.75,7646,30030360.6,3.15,0.87,0.21,1.5
2023-02-15,003020,24.32,23.74,24.76,23.5,10676,41439298.4,5.18,-2.38,-0.58,2.1
2023-02-16,003020,23.96,23.49,24.27,22.83,10805,41700724.8,6.07,-1.05,-0.25,2.12
2023-02-17,003020,23.5,23.45,24.0,23.27,11420,43568281.0,3.11,-0.17,-0.04,2.24
2023-02-20,003020,23.1,23.62,23.9,22.83,12960,48916525.7,4.56,0.72,0.17,2.55
2023-02-21,003020,23.5,23.7,23.95,23.44,6280,24094416.1,2.16,0.34,0.08,1.23
2023-02-22,003020,23.84,24.64,25.33,23.49,24366,97505063.25,7.76,3.97,0.94,4.79
2023-02-23,003020,24.69,24.14,24.87,23.9,18386,72316732.9,3.94,-2.03,-0.5,3.61
2023-02-24,003020,24.38,25.15,26.26,24.28,27824,114174868.25,8.2,4.18,1.01,5.47
2023-02-27,003020,25.17,25.58,26.68,25.09,43923,183672463.66,6.32,1.71,0.43,8.63
2023-02-28,003020,25.42,28.24,28.24,25.22,59644,261139372.47,11.81,10.4,2.66,11.72
2023-03-01,003020,28.39,27.42,28.83,26.77,49897,221410671.67,7.29,-2.9,-0.82,9.81
2023-03-02,003020,27.28,27.22,27.48,26.77,29295,128165354.12,2.59,-0.73,-0.2,5.76
2023-03-03,003020,27.01,27.5,28.04,26.91,30052,133190933.1,4.15,1.03,0.28,5.91
2023-03-06,003020,27.09,28.15,28.51,27.09,27034,122456563.38,5.16,2.36,0.65,5.31
2023-03-07,003020,28.15,27.36,28.29,27.17,13111,58441794.98,3.98,-2.81,-0.79,2.58
2023-03-08,003020,27.31,27.22,27.58,26.76,14084,61594292.74,3.0,-0.51,-0.14,2.77
2023-03-09,003020,27.22,27.02,27.7,26.94,8221,36086226.6,2.79,-0.73,-0.2,1.62
2023-03-10,003020,26.94,26.38,26.99,26.38,9370,40354930.3,2.26,-2.37,-0.64,1.84
2023-03-13,003020,26.52,28.08,28.13,26.5,22099,98148862.7,6.18,6.44,1.7,4.34
2023-03-14,003020,27.84,27.5,28.45,27.15,17513,78225840.7,4.63,-2.07,-0.58,3.44
2023-03-15,003020,27.7,27.89,28.55,27.21,10716,48520006.4,4.87,1.42,0.39,2.11
2023-03-16,003020,28.04,28.03,28.81,27.6,18769,85634125.14,4.34,0.5,0.14,3.69
2023-03-17,003020,28.05,27.39,28.08,26.75,21324,93718136.1,4.74,-2.28,-0.64,4.19
2023-03-20,003020,27.39,26.81,27.39,25.9,17625,75575397.6,5.44,-2.12,-0.58,3.46
2023-03-21,003020,26.81,27.66,27.87,26.42,13104,57796004.52,5.41,3.17,0.85,2.58
2023-03-22,003020,27.66,26.82,28.04,26.42,18767,81585115.6,5.86,-3.04,-0.84,3.69
2023-03-23,003020,26.99,27.03,27.47,26.51,7728,33728087.0,3.58,0.78,0.21,1.52
2023-03-24,003020,27.1,26.27,27.51,26.05,13777,59024546.0,5.4,-2.81,-0.76,2.71
2023-03-27,003020,26.3,26.36,26.95,25.93,18067,76964639.84,3.88,0.34,0.09,3.55
2023-03-28,003020,26.4,26.08,26.82,25.95,9856,41830294.7,3.3,-1.06,-0.28,1.94
2023-03-29,003020,26.1,26.35,26.56,25.34,19388,80982939.7,4.68,1.04,0.27,3.81
2023-03-30,003020,26.34,24.88,26.34,24.29,47532,190417488.62,7.78,-5.58,-1.47,9.34
2023-03-31,003020,24.93,25.68,25.89,24.56,22672,93019294.5,5.35,3.22,0.8,4.46
2023-04-03,003020,25.91,24.68,26.15,24.58,32401,131324912.95,6.11,-3.89,-1.0,6.37
2023-04-04,003020,24.76,26.92,27.24,24.63,37742,158534741.04,10.58,9.08,2.24,7.42
2023-04-06,003020,27.32,27.79,28.14,27.1,27999,125041961.8,3.86,3.23,0.87,5.5
2023-04-07,003020,27.46,27.84,28.22,26.85,15767,70104935.2,4.93,0.18,0.05,3.1
2023-04-10,003020,27.74,27.63,28.05,27.27,18720,83516394.2,2.8,-0.75,-0.21,3.68
2023-04-11,003020,27.79,27.76,28.34,27.22,16032,72080134.4,4.05,0.47,0.13,3.15
2023-04-12,003020,27.78,28.09,28.71,27.68,10708,48565911.9,3.71,1.19,0.33,2.1
2023-04-13,003020,28.11,28.8,28.91,27.78,13030,59840650.9,4.02,2.53,0.71,2.56
2023-04-14,003020,28.8,28.81,29.11,28.33,12186,56402266.76,2.71,0.03,0.01,2.4
2023-04-17,003020,28.87,30.42,30.47,28.87,24234,117068997.78,5.55,5.59,1.61,4.76
2023-04-18,003020,30.54,29.85,30.86,28.88,22055,105442410.54,6.51,-1.87,-0.57,4.34
2023-04-19,003020,29.43,29.05,29.75,28.47,14114,66054336.6,4.29,-2.68,-0.8,2.77
2023-04-20,003020,29.05,29.13,29.47,28.81,6889,32341816.05,2.27,0.28,0.08,1.35
2023-04-21,003020,29.33,29.36,30.31,28.61,11375,53711569.2,5.84,0.79,0.23,2.24
2023-04-24,003020,29.36,28.74,30.17,28.37,11374,53027153.8,6.13,-2.11,-0.62,2.24
2023-04-25,003020,28.73,28.87,29.82,28.01,13751,63692512.6,6.3,0.45,0.13,2.7
2023-04-26,003020,28.84,28.91,29.24,28.29,9477,43946443.35,3.29,0.14,0.04,1.86
2023-04-27,003020,28.47,30.4,30.83,28.47,17104,82775195.75,8.16,5.15,1.49,3.36
2023-04-28,003020,30.15,30.03,30.34,29.11,12283,58729415.2,4.05,-1.22,-0.37,2.41
2023-05-04,003020,30.0,32.04,32.44,29.72,17385,87606931.46,9.06,6.69,2.01,3.42
2023-05-05,003020,31.82,31.41,31.88,30.78,8295,41632454.53,3.43,-1.97,-0.63,1.63
2023-05-08,003020,31.11,30.64,31.11,30.25,6583,32308921.7,2.74,-2.45,-0.77,1.29
2023-05-09,003020,30.52,29.65,30.52,29.56,6166,29634808.4,3.13,-3.23,-0.99,1.21
2023-05-10,003020,29.52,29.7,29.9,29.19,3438,16333527.0,2.39,0.17,0.05,0.68
2023-05-11,003020,29.88,29.01,30.15,28.77,6979,32755785.2,4.65,-2.32,-0.69,1.37
2023-05-12,003020,28.62,29.15,29.79,28.61,4330,20476569.5,4.07,0.48,0.14,0.85
2023-05-15,003020,28.94,32.16,32.16,28.86,21859,109053772.8,11.32,10.33,3.01,4.3
2023-05-16,003020,32.45,32.74,33.04,31.98,13308,69569824.6,3.3,1.8,0.58,2.62
2023-05-17,003020,32.71,31.35,32.71,30.91,11683,58794634.48,5.5,-4.25,-1.39,2.13
2023-05-18,003020,31.13,30.64,31.45,30.54,6587,32669467.6,2.9,-2.26,-0.71,1.2
2023-05-19,003020,30.76,32.34,32.77,30.49,12349,63282529.8,7.44,5.55,1.7,2.26
2023-05-22,003020,32.18,31.42,32.2,31.17,6611,33439437.7,3.18,-2.84,-0.92,1.21
2023-05-23,003020,32.07,31.23,32.27,31.11,4566,23084812.6,3.69,-0.6,-0.19,0.83
2023-05-24,003020,31.26,30.96,31.57,30.38,5544,20946100.43,3.81,-0.86,-0.27,0.78
2023-05-25,003020,30.8,30.89,31.28,29.98,8197,30673834.34,4.2,-0.23,-0.07,1.15
2023-05-26,003020,30.88,33.18,33.39,30.56,13445,53038261.39,9.16,7.41,2.29,1.89
2023-05-29,003020,33.12,33.39,33.75,32.47,11618,46971023.83,3.86,0.63,0.21,1.63
2023-05-30,003020,33.39,32.25,33.39,31.38,14319,56218885.75,6.02,-3.41,-1.14,2.01
2023-05-31,003020,32.26,33.99,34.72,31.97,21067,87352898.24,8.53,5.4,1.74,2.96
2023-06-01,003020,34.23,33.71,34.5,33.3,8704,35836695.13,3.53,-0.82,-0.28,1.22
2023-06-02,003020,33.55,33.44,33.95,32.94,5773,23547169.48,3.0,-0.8,-0.27,0.81
2023-06-05,003020,33.22,34.87,35.21,32.98,13990,59066050.53,6.67,4.28,1.43,1.97
2023-06-06,003020,34.77,35.05,35.9,34.47,14946,64507829.14,4.1,0.52,0.18,2.1
2023-06-07,003020,34.82,34.67,36.6,34.07,15860,68052727.37,7.22,-1.08,-0.38,2.23
2023-06-08,003020,34.5,34.51,36.45,34.38,20615,89106138.05,5.97,-0.46,-0.16,2.9
2023-06-09,003020,34.5,34.93,35.63,34.13,13009,55544244.11,4.35,1.22,0.42,1.83
2023-06-12,003020,34.76,34.21,34.95,33.88,8584,35857690.6,3.06,-2.06,-0.72,1.21
2023-06-13,003020,34.22,33.56,34.51,33.29,9737,40106072.75,3.57,-1.9,-0.65,1.37
2023-06-14,003020,33.56,33.96,34.07,33.02,9973,40946674.6,3.13,1.19,0.4,1.4
2023-06-15,003020,33.88,32.94,33.88,31.98,16992,68082372.79,5.59,-3.0,-1.02,2.39
2023-06-16,003020,32.95,33.17,33.27,32.55,4674,18860839.2,2.19,0.7,0.23,0.66
2023-06-19,003020,32.96,31.96,33.62,31.72,19753,78328879.33,5.73,-3.65,-1.21,2.78
2023-06-20,003020,31.95,31.45,32.3,31.32,7966,30880387.83,3.07,-1.6,-0.51,1.12
2023-06-21,003020,31.56,30.82,32.05,30.82,7817,29941035.07,3.91,-2.0,-0.63,1.1
2023-06-26,003020,30.77,30.38,31.09,30.34,5789,21710871.1,2.43,-1.43,-0.44,0.81
2023-06-27,003020,30.41,30.35,31.2,30.29,9485,35534364.29,3.0,-0.1,-0.03,1.33
2023-06-28,003020,30.62,30.57,30.7,29.57,7247,26810969.2,3.72,0.72,0.22,1.02
2023-06-29,003020,30.42,29.93,30.91,29.22,18816,68843764.3,5.53,-2.09,-0.64,2.64
2023-06-30,003020,30.17,30.22,30.71,29.8,11269,41670504.36,3.04,0.97,0.29,1.58
2023-07-03,003020,30.37,30.78,31.91,30.13,14197,53592818.0,5.89,1.85,0.56,1.99
2023-07-04,003020,30.68,30.68,30.95,30.3,7174,26837272.83,2.11,-0.32,-0.1,1.01
2023-07-05,003020,30.68,30.34,31.19,30.28,4360,16367637.38,2.97,-1.11,-0.34,0.61
2023-07-06,003020,30.54,29.97,30.54,29.55,6321,23182775.49,3.26,-1.22,-0.37,0.89
2023-07-07,003020,30.2,29.87,30.21,29.82,3037,11129384.26,1.3,-0.33,-0.1,0.43
2023-07-10,003020,30.02,29.79,30.19,29.68,4818,17641406.95,1.71,-0.27,-0.08,0.68
2023-07-11,003020,29.87,30.14,30.29,29.72,3764,13862745.5,1.91,1.17,0.35,0.53
2023-07-12,003020,30.15,29.74,30.32,29.65,4212,15443761.8,2.22,-1.33,-0.4,0.59
2023-07-13,003020,29.86,28.99,29.92,28.78,14758,52719429.53,3.83,-2.52,-0.75,2.07
2023-07-14,003020,29.05,28.87,29.34,28.82,7886,28047425.35,1.79,-0.41,-0.12,1.11
2023-07-17,003020,28.86,28.3,29.02,27.88,13592,46991617.48,3.95,-1.97,-0.57,1.91
2023-07-18,003020,28.39,27.53,28.39,27.46,11488,39097621.1,3.29,-2.72,-0.77,1.61
2023-07-19,003020,27.87,27.03,27.95,26.97,7699,25734179.88,3.56,-1.82,-0.5,1.08
2023-07-20,003020,27.12,26.67,27.3,26.57,7359,24225987.47,2.7,-1.33,-0.36,1.03
2023-07-21,003020,26.68,26.75,27.1,26.56,7883,25902398.52,2.02,0.3,0.08,1.11
2023-07-24,003020,27.05,27.65,27.78,26.84,19720,66505597.73,3.51,3.36,0.9,2.77
2023-07-25,003020,27.74,27.42,28.08,27.2,9577,32350438.28,3.18,-0.83,-0.23,1.35
2023-07-26,003020,27.38,27.34,27.55,27.04,8405,28154411.8,1.86,-0.29,-0.08,1.18
2023-07-27,003020,27.34,27.39,27.69,27.12,11902,39922485.49,2.08,0.18,0.05,1.67
2023-07-28,003020,27.24,27.72,27.9,27.05,7671,25896267.74,3.1,1.2,0.33,1.08
2023-07-31,003020,27.72,25.34,27.99,24.96,40943,130006481.48,10.93,-8.59,-2.38,5.75
2023-08-01,003020,25.34,24.11,25.49,23.62,51443,153963167.59,7.38,-4.85,-1.23,7.23
2023-08-02,003020,24.05,23.23,24.05,23.05,29257,84107025.61,4.15,-3.65,-0.88,4.11
2023-08-03,003020,23.31,22.89,23.35,22.83,27844,79135846.1,2.24,-1.46,-0.34,3.91
2023-08-04,003020,23.05,22.6,23.38,22.43,35162,98638319.74,4.15,-1.27,-0.29,4.94
2023-08-07,003020,22.55,22.02,22.55,21.78,52908,143230013.47,3.41,-2.57,-0.58,7.43
2023-08-08,003020,22.22,22.43,23.04,21.95,39025,108293259.24,4.95,1.86,0.41,5.48
2023-08-09,003020,22.58,22.21,22.58,22.17,18235,50192805.49,1.83,-0.98,-0.22,2.56
2023-08-10,003020,22.21,22.16,22.38,22.05,13066,35718442.5,1.49,-0.23,-0.05,1.84
2023-08-11,003020,22.28,22.19,22.6,22.13,23886,65850650.78,2.12,0.14,0.03,3.36
2023-08-14,003020,22.35,22.78,22.87,21.92,28185,78001360.08,4.28,2.66,0.59,3.96
2023-08-15,003020,22.72,22.56,22.78,22.15,24528,68049791.06,2.77,-0.97,-0.22,3.45
2023-08-16,003020,22.52,22.94,23.18,22.43,39978,113182327.83,3.32,1.68,0.38,5.62
2023-08-17,003020,22.72,22.86,23.15,22.24,22332,62440518.75,3.97,-0.35,-0.08,3.14
2023-08-18,003020,22.69,22.26,22.94,22.21,17302,47956467.88,3.19,-2.62,-0.6,2.43
2023-08-21,003020,22.43,22.2,22.55,22.15,10606,29230956.9,1.8,-0.27,-0.06,1.49
2023-08-22,003020,22.23,21.93,22.39,21.62,23742,64008610.68,3.47,-1.22,-0.27,3.34
2023-08-23,003020,21.92,21.35,22.13,21.3,18040,48247940.2,3.78,-2.64,-0.58,2.53
2023-08-24,003020,21.39,21.59,21.88,21.15,15720,41688910.81,3.42,1.12,0.24,2.21
2023-08-25,003020,21.56,21.14,21.83,21.11,8634,22767204.57,3.33,-2.08,-0.45,1.21
2023-08-28,003020,22.05,21.09,22.35,21.02,20407,54341405.46,6.29,-0.24,-0.05,2.87
2023-08-29,003020,21.36,21.95,22.01,21.27,27448,73496025.63,3.51,4.08,0.86,3.86
2023-08-30,003020,21.9,21.52,22.11,21.41,31960,85556107.21,3.19,-1.96,-0.43,4.49
2023-08-31,003020,21.55,21.6,21.76,21.23,15633,41436518.38,2.46,0.37,0.08,2.2
2023-09-01,003020,21.62,21.33,21.63,21.21,12979,34217449.51,1.94,-1.25,-0.27,1.82
2023-09-04,003020,21.32,21.41,21.51,21.23,15074,39761256.56,1.31,0.38,0.08,2.12
2023-09-05,003020,21.34,21.37,21.53,21.19,9640,25443614.01,1.59,-0.19,-0.04,1.35
2023-09-06,003020,21.37,21.03,21.4,21.01,16512,43153941.7,1.82,-1.59,-0.34,2.32
2023-09-07,003020,21.01,20.55,21.18,20.53,20230,51935579.75,3.09,-2.28,-0.48,2.84
2023-09-08,003020,20.63,20.94,21.01,20.52,13771,35521127.0,2.38,1.9,0.39,1.93
2023-09-11,003020,20.94,22.28,22.96,20.94,53505,146363877.06,9.65,6.4,1.34,7.52
2023-09-12,003020,22.15,22.2,22.44,21.78,31469,86094250.28,2.96,-0.36,-0.08,4.42
2023-09-13,003020,22.04,21.63,22.2,21.39,24743,66200038.85,3.65,-2.57,-0.57,3.48
2023-09-14,003020,21.68,21.63,21.88,21.34,17447,46546542.68,2.5,0.0,0.0,2.45
2023-09-15,003020,21.73,21.79,22.17,21.34,29433,79303314.25,3.84,0.74,0.16,4.14
2023-09-18,003020,21.87,22.51,22.6,21.59,36453,99943829.85,4.64,3.3,0.72,5.12
2023-09-19,003020,22.47,22.05,22.64,21.94,23749,65059688.6,3.11,-2.04,-0.46,3.34
2023-09-20,003020,21.97,21.98,22.24,21.91,15961,43393186.18,1.5,-0.32,-0.07,2.24
2023-09-21,003020,21.88,21.63,21.99,21.51,13512,36199473.47,2.18,-1.59,-0.35,1.9
2023-09-22,003020,21.63,21.97,22.03,21.12,29487,78432220.36,4.21,1.57,0.34,4.14
2023-09-25,003020,21.8,22.63,23.13,21.73,44624,124543760.32,6.37,3.0,0.66,6.27
2023-09-26,003020,22.64,22.62,22.95,22.3,28457,79395640.15,2.87,-0.04,-0.01,4.0
2023-09-27,003020,22.62,22.92,23.0,22.43,32339,90860982.4,2.52,1.33,0.3,4.54
2023-09-28,003020,22.92,23.21,23.47,22.92,34076,97355809.9,2.4,1.27,0.29,4.79
2023-10-09,003020,23.21,22.73,23.69,22.57,24094,67876446.58,4.83,-2.07,-0.48,3.39
2023-10-10,003020,22.73,22.2,22.84,22.05,22237,60998627.62,3.48,-2.33,-0.53,3.12
2023-10-11,003020,22.22,22.3,22.69,22.18,17465,48344969.86,2.3,0.45,0.1,2.45
2023-10-12,003020,22.3,22.56,23.13,22.3,24825,69388637.75,3.72,1.17,0.26,3.49
2023-10-13,003020,22.47,23.28,23.98,22.35,46068,131458090.81,7.23,3.19,0.72,6.47
2023-10-16,003020,23.28,22.56,23.47,22.31,36197,100882625.32,4.98,-3.09,-0.72,5.09
2023-10-17,003020,22.63,24.12,24.88,21.74,76498,220306190.21,13.92,6.91,1.56,10.75
2023-10-18,003020,23.45,22.78,23.63,22.63,51586,146966115.25,4.15,-5.56,-1.34,7.25
2023-10-19,003020,22.34,21.27,22.43,20.8,41020,108625241.24,7.16,-6.63,-1.51,5.76
2023-10-20,003020,21.26,20.98,21.53,20.89,19691,51255769.77,3.01,-1.36,-0.29,2.77
2023-10-23,003020,20.89,19.88,20.89,19.55,28666,70943773.66,6.39,-5.24,-1.1,4.03
2023-10-24,003020,19.83,20.49,20.66,19.83,18641,46840850.98,4.18,3.07,0.61,2.62
2023-10-25,003020,20.49,20.36,20.79,20.24,15697,39683375.33,2.68,-0.63,-0.13,2.21
2023-10-26,003020,20.23,20.38,20.47,19.98,14751,36825069.5,2.41,0.1,0.02,2.07
2023-10-27,003020,20.23,22.48,22.48,20.05,65829,177712858.29,11.92,10.3,2.1,9.25
2023-10-30,003020,22.48,23.63,23.8,22.3,71489,204500142.85,6.67,5.12,1.15,10.04
2023-10-31,003020,23.47,22.82,23.47,22.68,45889,130181757.67,3.34,-3.43,-0.81,6.45
2023-11-01,003020,22.82,25.16,25.16,22.39,78422,232582913.59,12.14,10.25,2.34,11.02
2023-11-02,003020,26.44,24.28,26.46,23.84,134597,412154092.59,10.41,-3.5,-0.88,18.91
2023-11-03,003020,24.16,23.47,24.47,23.28,77926,226568093.92,4.9,-3.34,-0.81,10.95
2023-11-06,003020,23.78,23.56,23.8,23.38,56568,164009676.3,1.79,0.38,0.09,7.95
2023-11-07,003020,23.43,23.42,23.55,23.16,44895,128989980.27,1.66,-0.59,-0.14,6.31
2023-11-08,003020,23.3,23.62,24.0,23.13,69412,201093916.02,3.71,0.85,0.2,9.61
2023-11-09,003020,23.56,22.96,23.75,22.68,43942,125023477.51,4.53,-2.79,-0.66,6.08
2023-11-10,003020,22.77,23.12,23.38,22.5,34452,97803149.15,3.83,0.7,0.16,4.77
2023-11-13,003020,23.1,23.06,23.13,22.76,21440,60586883.23,1.6,-0.26,-0.06,2.97
2023-11-14,003020,23.07,22.89,23.18,22.73,19875,56076910.82,1.95,-0.74,-0.17,2.75
2023-11-15,003020,23.0,23.08,23.14,22.76,23029,65152432.4,1.66,0.83,0.19,3.19
2023-11-16,003020,23.09,22.18,23.1,22.05,41038,113459200.79,4.55,-3.9,-0.9,5.68
2023-11-17,003020,22.13,22.66,22.69,21.63,37860,103410871.8,4.78,2.16,0.48,5.24
2023-11-20,003020,22.7,22.86,22.93,22.51,26919,75432838.58,1.85,0.88,0.2,3.73
2023-11-21,003020,22.76,22.91,23.27,22.73,32800,92959121.2,2.36,0.22,0.05,4.54
2023-11-22,003020,22.72,22.6,22.98,22.48,15336,42859203.1,2.18,-1.35,-0.31,2.12
2023-11-23,003020,22.8,23.46,24.45,22.79,45837,132442093.75,7.35,3.81,0.86,6.35
2023-11-24,003020,23.46,23.72,23.98,23.1,44508,129461948.82,3.75,1.11,0.26,6.16
2023-11-27,003020,23.72,23.23,23.93,22.9,31389,90055526.78,4.34,-2.07,-0.49,4.35
2023-11-28,003020,23.12,23.49,23.58,22.47,23844,68099973.62,4.78,1.12,0.26,3.3
2023-11-29,003020,23.49,22.87,23.49,22.81,15172,43066738.36,2.89,-2.64,-0.62,2.1
2023-11-30,003020,22.72,24.33,24.88,22.48,66634,195555840.92,10.49,6.38,1.46,9.23
2023-12-01,003020,24.18,24.18,24.46,23.97,29535,87767293.12,2.01,-0.62,-0.15,4.09
2023-12-04,003020,24.17,25.62,25.88,24.17,76336,238839793.71,7.07,5.96,1.44,10.57
2023-12-05,003020,25.14,24.78,25.63,24.78,39148,120869262.11,3.32,-3.28,-0.84,5.42
2023-12-06,003020,24.55,24.43,25.1,24.13,25691,77416763.36,3.91,-1.41,-0.35,3.56
2023-12-07,003020,24.45,23.97,24.95,23.97,21430,64030346.6,4.01,-1.88,-0.46,2.97
2023-12-08,003020,23.94,23.37,23.99,23.33,16987,49393129.94,2.75,-2.5,-0.6,2.35
2023-12-11,003020,23.38,23.62,23.63,23.12,13060,37745987.45,2.18,1.07,0.25,1.81
2023-12-12,003020,23.78,23.89,24.41,23.47,22569,66363557.4,3.98,1.14,0.27,3.13
2023-12-13,003020,23.89,23.64,24.5,23.62,20957,61984975.82,3.68,-1.05,-0.25,2.9
2023-12-14,003020,23.87,23.2,24.03,23.14,17950,51888708.85,3.76,-1.86,-0.44,2.49
2023-12-15,003020,23.3,23.38,23.38,22.88,15374,43857651.7,2.16,0.78,0.18,1.35
2023-12-18,003020,23.16,23.17,23.7,22.96,12356,35581703.1,3.17,-0.9,-0.21,1.08
2023-12-19,003020,23.18,22.42,23.26,21.88,31284,86451182.61,5.96,-3.24,-0.75,2.74
2023-12-20,003020,22.42,21.95,22.69,21.88,15780,43275922.89,3.61,-2.1,-0.47,1.38
2023-12-21,003020,21.95,22.35,22.45,21.05,23441,63275612.19,6.38,1.82,0.4,2.05
2023-12-22,003020,22.34,22.26,22.47,22.06,8987,24646702.7,1.83,-0.4,-0.09,0.79
2023-12-25,003020,22.51,22.4,22.53,21.98,8735,23980304.6,2.47,0.63,0.14,0.76
2023-12-26,003020,22.33,21.59,22.33,21.53,8677,23384177.51,3.57,-3.62,-0.81,0.76
2023-12-27,003020,21.58,22.06,22.17,21.39,5886,15897802.65,3.61,2.18,0.47,0.52
2023-12-28,003020,22.2,22.44,22.54,21.88,14340,39506737.8,2.99,1.72,0.38,1.26
2023-12-29,003020,22.23,22.84,22.84,22.23,13246,36811098.47,2.72,1.78,0.4,1.16
2024-01-02,003020,22.71,22.93,23.17,22.4,10414,29295844.93,3.37,0.39,0.09,0.91
2024-01-03,003020,22.88,22.67,23.26,22.59,8890,25072208.81,2.92,-1.13,-0.26,0.78
2024-01-04,003020,22.63,22.48,22.67,22.3,8583,23767892.45,1.63,-0.84,-0.19,0.75
2024-01-05,003020,22.42,22.1,22.5,21.97,8054,22104482.8,2.36,-1.69,-0.38,0.71
2024-01-08,003020,22.3,21.47,22.3,21.47,9458,25381808.0,3.76,-2.85,-0.63,0.83
2024-01-09,003020,21.75,21.55,21.78,21.35,10258,27249085.15,2.0,0.37,0.08,0.9
2024-01-10,003020,21.53,21.35,21.68,21.21,7329,19413399.75,2.18,-0.93,-0.2,0.64
2024-01-11,003020,21.32,21.72,21.77,21.29,7775,20744017.2,2.25,1.73,0.37,0.68
2024-01-12,003020,21.79,21.5,21.98,21.48,7586,20315507.88,2.3,-1.01,-0.22,0.66
2024-01-15,003020,21.28,21.39,21.86,21.26,5938,15761398.5,2.79,-0.51,-0.11,0.52
2024-01-16,003020,21.39,21.56,21.7,21.22,6396,16902141.2,2.24,0.79,0.17,0.56
2024-01-17,003020,21.58,19.84,21.72,19.83,28311,71278047.19,8.77,-7.98,-1.72,2.48
2024-01-18,003020,19.85,19.95,20.08,19.33,16059,39066276.68,3.78,0.55,0.11,1.41
2024-01-19,003020,19.88,19.73,20.14,19.72,7756,19079997.54,2.11,-1.1,-0.22,0.68
2024-01-22,003020,19.6,18.22,19.72,17.98,18727,43828104.98,8.82,-7.65,-1.51,1.64
2024-01-23,003020,18.22,18.39,18.55,17.81,16987,38339504.2,4.06,0.93,0.17,1.49
2024-01-24,003020,18.38,18.01,18.77,17.72,23274,52215660.0,5.71,-2.07,-0.38,2.04
2024-01-25,003020,18.03,19.07,19.18,17.9,22640,52121201.3,7.11,5.89,1.06,1.98
2024-01-26,003020,19.18,18.73,19.28,18.57,13035,30613623.0,3.72,-1.78,-0.34,1.14
2024-01-29,003020,18.73,18.09,19.06,18.03,13275,30138937.0,5.5,-3.42,-0.64,1.16
2024-01-30,003020,17.89,17.55,18.3,17.53,12828,28448684.05,4.26,-2.99,-0.54,1.12
2024-01-31,003020,17.55,16.53,17.88,16.51,17026,35923864.0,7.81,-5.81,-1.02,1.49
2024-02-01,003020,16.58,16.13,16.72,15.96,21337,43190134.47,4.6,-2.42,-0.4,1.87
2024-02-02,003020,16.22,15.31,16.49,14.8,18495,35792263.38,10.48,-5.08,-0.82,1.62
2024-02-05,003020,15.28,13.88,15.28,13.73,20425,36379587.83,10.12,-9.34,-1.43,1.79
2024-02-06,003020,13.13,14.84,15.32,13.13,24128,42978998.9,15.78,6.92,0.96,2.11
2024-02-07,003020,14.85,15.38,16.28,14.84,27908,53924200.29,9.7,3.64,0.54,2.44
2024-02-08,003020,15.17,16.74,16.97,14.95,33393,66754325.73,13.13,8.84,1.36,2.92
2024-02-19,003020,16.85,17.33,17.82,16.85,28939,62823668.62,5.79,3.52,0.59,2.53
2024-02-20,003020,17.32,17.81,18.21,16.87,21632,47374631.23,7.73,2.77,0.48,1.89
2024-02-21,003020,17.63,17.63,18.02,17.46,16805,37117645.83,3.14,-1.01,-0.18,1.47
2024-02-22,003020,17.53,17.78,17.82,17.53,9084,19951904.8,1.64,0.85,0.15,0.8
2024-02-23,003020,17.72,18.03,18.05,17.56,12469,27611369.58,2.76,1.41,0.25,1.09
2024-02-26,003020,18.01,17.71,18.18,17.53,25208,55732139.64,3.61,-1.77,-0.32,2.21
2024-02-27,003020,17.71,17.86,17.87,17.5,19985,43870264.4,2.09,0.85,0.15,1.75
2024-02-28,003020,17.97,16.87,18.43,16.87,32970,72475709.8,8.73,-5.54,-0.99,2.89
2024-02-29,003020,16.78,17.0,17.18,16.51,26530,55460138.68,3.97,0.77,0.13,2.32
2024-03-01,003020,16.89,16.85,17.0,16.63,18521,38682579.6,2.18,-0.88,-0.15,1.62
2024-03-04,003020,16.95,17.36,17.63,16.85,33677,72213325.63,4.63,3.03,0.51,2.95
2024-03-05,003020,17.19,16.88,17.21,16.81,16624,35149557.3,2.3,-2.76,-0.48,1.45
2024-03-06,003020,16.86,16.63,17.03,16.57,14562,30313360.54,2.73,-1.48,-0.25,1.27
2024-03-07,003020,16.73,16.2,16.79,16.2,15435,31634898.8,3.55,-2.59,-0.43,1.35
2024-03-08,003020,16.27,16.38,16.47,16.15,11933,24268118.31,1.98,1.11,0.18,1.04
2024-03-11,003020,16.33,16.69,16.77,16.33,12180,25155759.67,2.69,1.89,0.31,1.07
2024-03-12,003020,16.78,17.2,17.2,16.73,16439,34796311.81,2.82,3.06,0.51,1.44
2024-03-13,003020,17.22,17.24,17.37,16.95,12971,27676900.13,2.44,0.23,0.04,1.14
2024-03-14,003020,17.62,17.12,17.78,16.93,20048,43300143.8,4.93,-0.7,-0.12,1.75
2024-03-15,003020,16.95,17.18,17.33,16.93,12298,26156701.44,2.34,0.35,0.06,1.08
2024-03-18,003020,17.18,17.53,17.53,17.03,13735,29560217.53,2.91,2.04,0.35,1.2
2024-03-19,003020,17.49,17.79,18.23,17.4,24160,53456970.29,4.73,1.48,0.26,2.11
2024-03-20,003020,17.72,18.14,18.15,17.5,21714,48221893.9,3.65,1.97,0.35,1.9
2024-03-21,003020,18.17,18.09,18.53,17.81,23820,53537380.06,3.97,-0.28,-0.05,2.08
2024-03-22,003020,18.03,17.9,18.08,17.58,19672,43494092.99,2.76,-1.05,-0.19,1.72
2024-03-25,003020,17.84,17.59,18.38,17.57,25299,56590321.76,4.53,-1.73,-0.31,2.21
2024-03-26,003020,17.59,17.41,17.87,17.22,15668,34015196.0,3.7,-1.02,-0.18,1.37
2024-03-27,003020,17.45,17.27,17.95,17.18,38626,84495193.13,4.42,-0.8,-0.14,3.38
2024-03-28,003020,17.2,17.2,17.47,16.78,16444,35127050.29,4.0,-0.41,-0.07,1.44
2024-03-29,003020,17.19,17.12,17.36,16.99,12692,27017232.15,2.15,-0.47,-0.08,1.11
2024-04-01,003020,17.17,17.43,17.45,17.1,14973,32245485.15,2.04,1.81,0.31,1.31
2024-04-02,003020,17.45,17.13,17.48,17.06,13048,27969363.95,2.41,-1.72,-0.3,1.14
2024-04-03,003020,17.22,17.04,17.42,17.0,15205,32431435.99,2.45,-0.53,-0.09,1.33
2024-04-08,003020,17.09,16.48,17.09,16.47,11661,24251025.05,3.64,-3.29,-0.56,1.02
2024-04-09,003020,16.47,17.16,17.17,16.47,15512,32578052.24,4.25,4.13,0.68,1.36
2024-04-10,003020,17.06,16.71,17.18,16.54,10499,21902725.18,3.73,-2.62,-0.45,0.92
2024-04-11,003020,16.7,16.59,16.83,16.48,6776,14053553.6,2.09,-0.72,-0.12,0.59
2024-04-12,003020,16.47,16.35,16.63,16.26,9396,19189888.0,2.23,-1.45,-0.24,0.82
2024-04-15,003020,16.35,15.93,16.53,15.74,15046,30162253.5,4.83,-2.57,-0.42,1.32
2024-04-16,003020,15.95,15.1,15.95,14.93,25610,48879734.68,6.4,-5.21,-0.83,2.24
2024-04-17,003020,15.19,15.62,15.85,15.19,16098,31304971.89,4.37,3.44,0.52,1.41
2024-04-18,003020,15.62,15.55,15.84,15.33,12934,25186100.96,3.27,-0.45,-0.07,1.13
2024-04-19,003020,15.55,15.48,15.63,15.24,8292,15969685.4,2.51,-0.45,-0.07,0.73
2024-04-22,003020,15.46,16.03,16.3,15.19,21358,42377772.43,7.17,3.55,0.55,1.87
2024-04-23,003020,16.53,17.69,17.69,16.47,43972,95848887.79,7.61,10.36,1.66,3.85
2024-04-24,003020,18.03,17.43,18.28,17.3,87744,191862920.18,5.54,-1.47,-0.26,7.68
2024-04-25,003020,17.3,17.34,17.57,17.27,30260,65368093.36,1.72,-0.52,-0.09,2.65
2024-04-26,003020,17.26,17.68,17.72,17.22,36214,78960622.84,2.88,1.96,0.34,3.17
2024-04-29,003020,17.68,18.17,18.23,17.55,46559,104047876.55,3.85,2.77,0.49,4.07
2024-04-30,003020,17.64,19.08,19.48,17.33,67841,156754001.68,11.83,5.01,0.91,5.94
2024-05-06,003020,19.12,19.38,19.58,18.84,43832,104417623.38,3.88,1.57,0.3,3.84
2024-05-07,003020,19.43,20.36,20.95,19.43,52574,132172731.33,7.84,5.06,0.98,4.6
2024-05-08,003020,20.36,20.62,20.84,20.13,35895,91131884.82,3.49,1.28,0.26,3.14
2024-05-09,003020,20.59,20.57,20.84,20.07,20421,51889004.6,3.73,-0.24,-0.05,1.79
2024-05-10,003020,20.51,20.47,21.03,20.38,15500,39515270.8,3.16,-0.49,-0.1,1.36
2024-05-13,003020,20.87,19.78,20.87,19.73,29152,72769206.28,5.57,-3.37,-0.69,2.55
2024-05-14,003020,19.63,19.46,19.9,19.3,42937,104245511.86,3.03,-1.62,-0.32,3.76
2024-05-15,003020,19.45,19.26,19.53,18.89,33386,79334007.72,3.29,-1.03,-0.2,2.92
2024-05-16,003020,19.45,19.13,19.45,18.99,25346,60058522.8,2.39,-0.67,-0.13,2.22
2024-05-17,003020,19.21,18.93,19.38,18.68,14505,34067962.0,3.66,-1.05,-0.2,1.27
2024-05-20,003020,18.94,19.43,19.52,18.93,16389,39081516.75,3.12,2.64,0.5,1.43
2024-05-21,003020,19.8,19.55,20.12,19.43,23683,57969500.45,3.55,0.62,0.12,2.07
2024-05-22,003020,19.45,19.48,19.76,19.31,12333,29698301.14,2.3,-0.36,-0.07,1.08
2024-05-23,003020,19.62,20.02,20.07,19.31,22330,54883658.56,3.9,2.77,0.54,1.95
2024-05-24,003020,19.88,20.37,21.51,19.78,34594,88445293.93,8.64,1.75,0.35,3.03
2024-05-27,003020,20.33,21.7,21.78,19.94,49118,128420205.69,9.03,6.53,1.33,4.3
2024-05-28,003020,21.4,21.04,21.6,20.85,23717,50628363.54,3.46,-3.04,-0.66,1.73
2024-05-29,003020,20.86,20.65,21.04,20.52,16077,33644206.39,2.47,-1.85,-0.39,1.17
2024-05-30,003020,20.55,20.31,20.8,20.19,14520,29986345.64,2.95,-1.65,-0.34,1.06
2024-05-31,003020,20.5,20.78,20.98,20.11,17383,36129703.44,4.28,2.31,0.47,1.27
2024-06-03,003020,20.8,20.99,21.13,20.15,17820,37428651.0,4.72,1.01,0.21,1.3
2024-06-04,003020,20.94,21.15,21.42,20.62,16468,35173200.2,3.81,0.76,0.16,1.2
2024-06-05,003020,21.14,20.22,21.14,20.2,20343,42221578.57,4.44,-4.4,-0.93,1.48
2024-06-06,003020,20.18,19.46,20.38,19.23,19000,37814443.42,5.69,-3.76,-0.76,1.39
2024-06-07,003020,19.76,19.2,19.78,19.15,17880,35002540.71,3.24,-1.34,-0.26,1.3
2024-06-11,003020,19.23,19.6,19.61,18.68,10335,20081584.86,4.84,2.08,0.4,0.75
2024-06-12,003020,19.6,20.67,20.68,19.49,19952,40857438.49,6.07,5.46,1.07,1.46
2024-06-13,003020,20.6,19.99,20.6,19.64,14251,28752231.76,4.64,-3.29,-0.68,1.04
2024-06-14,003020,19.7,19.79,20.14,19.69,7175,14377772.2,2.25,-1.0,-0.2,0.52
2024-06-17,003020,19.8,19.33,19.84,19.3,13474,26528495.4,2.73,-2.32,-0.46,0.98
2024-06-18,003020,19.33,18.98,19.34,18.66,16483,31424622.05,3.52,-1.81,-0.35,1.2
2024-06-19,003020,18.98,19.24,19.45,18.8,13750,26740832.86,3.42,1.37,0.26,1.0
2024-06-20,003020,19.08,18.35,19.6,18.31,13359,25324530.06,6.7,-4.63,-0.89,0.97
2024-06-21,003020,18.22,18.45,18.72,18.06,7499,13947042.36,3.6,0.54,0.1,0.55
2024-06-24,003020,18.41,17.6,18.44,17.52,10553,19005176.72,4.99,-4.61,-0.85,0.77
2024-06-25,003020,17.6,18.2,18.27,17.6,11468,20823264.52,3.81,3.41,0.6,0.84
2024-06-26,003020,18.2,18.81,19.0,17.99,12958,24265181.49,5.55,3.35,0.61,0.95
2024-06-27,003020,18.78,17.93,18.8,17.9,10605,19643588.47,4.78,-4.68,-0.88,0.77
2024-06-28,003020,18.35,18.08,18.35,17.93,9259,16978932.08,2.34,0.84,0.15,0.68
2024-07-01,003020,18.2,18.1,18.32,17.51,9728,17595640.74,4.48,0.11,0.02,0.71
2024-07-02,003020,18.08,17.96,18.25,17.88,5101,9307000.0,2.04,-0.77,-0.14,0.37
2024-07-03,003020,17.92,16.97,17.93,16.87,20245,35296658.0,5.9,-5.51,-0.99,1.48
2024-07-04,003020,16.82,16.11,16.94,15.98,32662,53688675.79,5.66,-5.07,-0.86,2.39
2024-07-05,003020,16.06,16.72,16.75,15.8,17021,28250920.17,5.9,3.79,0.61,1.24
2024-07-08,003020,16.78,15.76,16.78,15.75,10090,16467285.48,6.16,-5.74,-0.96,0.74
2024-07-09,003020,15.77,15.99,16.03,15.4,14466,23072003.69,4.0,1.46,0.23,1.06
2024-07-10,003020,15.9,16.41,16.81,15.74,15713,26041735.36,6.69,2.63,0.42,1.15
2024-07-11,003020,16.76,16.5,17.02,16.2,12411,20697872.4,5.0,0.55,0.09,0.91
2024-07-12,003020,16.6,16.5,16.73,16.38,10469,17542304.64,2.12,0.0,0.0,0.77
2024-07-15,003020,16.5,16.32,16.72,16.2,8544,14132876.16,3.15,-1.09,-0.18,0.62
2024-07-16,003020,16.3,16.21,16.3,16.07,4328,7076668.3,1.41,-0.67,-0.11,0.32
2024-07-17,003020,16.33,16.39,16.6,16.11,8299,13751879.36,3.02,1.11,0.18,0.61
2024-07-18,003020,16.3,16.4,16.49,16.08,9661,15924126.6,2.5,0.06,0.01,0.71
2024-07-19,003020,16.15,16.7,16.84,16.15,9437,15857322.0,4.21,1.83,0.3,0.69
2024-07-22,003020,16.74,17.45,17.83,16.74,16473,28991104.64,6.53,4.49,0.75,1.2
2024-07-23,003020,17.3,16.91,17.58,16.88,10750,18600969.96,4.01,-3.09,-0.54,0.79
2024-07-24,003020,16.81,16.25,16.99,16.09,15953,26420976.93,5.32,-3.9,-0.66,1.17
2024-07-25,003020,16.07,16.45,16.6,15.94,8699,14352212.87,4.06,1.23,0.2,0.64
2024-07-26,003020,16.46,16.3,16.6,16.21,8897,14718312.53,2.37,-0.91,-0.15,0.65
2024-07-29,003020,16.48,16.12,16.53,16.0,7794,12782588.98,3.25,-1.1,-0.18,0.57
2024-07-30,003020,16.12,16.59,16.67,15.86,9854,16273858.82,5.02,2.92,0.47,0.72
2024-07-31,003020,16.59,17.22,17.33,16.44,11139,19191803.4,5.36,3.8,0.63,0.81
2024-08-01,003020,17.26,17.05,17.45,16.97,11911,20804631.82,2.79,-0.99,-0.17,0.87
2024-08-02,003020,17.0,17.47,17.79,16.9,15687,27819974.72,5.22,2.46,0.42,1.15
2024-08-05,003020,17.6,17.75,18.15,17.35,19010,34400647.46,4.58,1.6,0.28,1.39
2024-08-06,003020,17.75,18.25,18.28,17.57,16485,30142425.67,4.0,2.82,0.5,1.21
2024-08-07,003020,18.35,17.88,18.44,17.85,9044,16435725.06,3.23,-2.03,-0.37,0.66
2024-08-08,003020,17.88,18.07,18.22,17.71,10299,18709643.4,2.85,1.06,0.19,0.75
2024-08-09,003020,18.1,17.62,18.3,17.55,10656,19148904.2,4.15,-2.49,-0.45,0.78
2024-08-12,003020,17.51,18.24,18.56,17.38,18132,33235294.56,6.7,3.52,0.62,1.33
2024-08-13,003020,18.25,18.5,18.56,17.92,13240,24513989.72,3.51,1.43,0.26,0.97
2024-08-14,003020,18.5,18.12,18.59,18.1,6656,12255625.6,2.65,-2.05,-0.38,0.49
2024-08-15,003020,18.12,18.17,18.43,17.98,5554,10227303.8,2.48,0.28,0.05,0.41
2024-08-16,003020,18.17,18.89,19.0,17.96,20213,38165075.26,5.72,3.96,0.72,1.48
2024-08-19,003020,19.02,18.69,19.02,18.58,8160,15417398.26,2.33,-1.06,-0.2,0.6
2024-08-20,003020,18.59,17.83,18.61,17.6,13280,24160295.77,5.4,-4.6,-0.86,0.97
2024-08-21,003020,17.75,17.58,17.97,17.4,15709,28035614.12,3.2,-1.4,-0.25,1.15
2024-08-22,003020,17.56,17.53,17.75,17.24,7891,13932239.96,2.9,-0.28,-0.05,0.58
2024-08-23,003020,17.43,17.29,17.5,17.1,5841,10220566.78,2.28,-1.37,-0.24,0.43
2024-08-26,003020,17.29,17.6,17.67,17.08,3798,6709940.62,3.41,1.79,0.31,0.28
2024-08-27,003020,17.44,17.67,17.84,17.44,4359,7788384.2,2.27,0.4,0.07,0.32
2024-08-28,003020,17.55,17.28,17.77,17.26,5381,9507742.8,2.89,-2.21,-0.39,0.39
2024-08-29,003020,17.28,17.75,17.99,17.15,6694,12008757.8,4.86,2.72,0.47,0.49
2024-08-30,003020,17.69,17.64,17.92,17.55,8442,15155301.4,2.08,-0.62,-0.11,0.62
2024-09-02,003020,17.91,18.62,19.13,17.56,36915,69465374.12,8.9,5.56,0.98,2.69
2024-09-03,003020,18.08,18.41,18.99,18.08,17576,33078411.4,4.89,-1.13,-0.21,1.28
2024-09-04,003020,18.41,18.6,18.79,18.1,12960,24350332.74,3.75,1.03,0.19,0.95
2024-09-05,003020,18.5,18.5,18.86,18.3,8004,14979579.98,3.01,-0.54,-0.1,0.58
2024-09-06,003020,18.5,18.09,18.74,18.02,6002,11095748.76,3.89,-2.22,-0.41,0.44
2024-09-09,003020,18.19,18.03,18.38,17.92,5415,9922783.4,2.54,-0.33,-0.06,0.39
2024-09-10,003020,18.21,18.02,18.21,17.7,8880,16076825.4,2.83,-0.06,-0.01,0.65
2024-09-11,003020,18.06,17.24,18.06,17.16,20799,36650549.8,4.99,-4.33,-0.78,1.52
2024-09-12,003020,17.24,16.86,17.4,16.82,8442,14569862.0,3.36,-2.2,-0.38,0.62
2024-09-13,003020,16.86,16.53,16.95,16.46,7370,12427609.73,2.91,-1.96,-0.33,0.54
2024-09-18,003020,16.5,16.51,16.58,16.2,7471,12386933.7,2.3,-0.12,-0.02,0.54
2024-09-19,003020,16.58,16.88,17.05,16.53,9257,15774567.18,3.15,2.24,0.37,0.68
2024-09-20,003020,16.9,16.85,17.04,16.65,5203,8869888.48,2.31,-0.18,-0.03,0.38
2024-09-23,003020,16.84,16.55,16.93,16.46,6883,11600734.8,2.79,-1.78,-0.3,0.5
2024-09-24,003020,16.98,16.91,17.09,16.6,10894,18591026.93,2.96,2.18,0.36,0.79
2024-09-25,003020,17.08,16.9,17.35,16.65,24918,42887161.38,4.14,-0.06,-0.01,1.82
2024-09-26,003020,16.81,17.12,17.12,16.52,28475,48278432.55,3.55,1.3,0.22,2.08
2024-09-27,003020,17.41,18.11,18.25,17.2,37664,67289485.13,6.13,5.78,0.99,2.75
2024-09-30,003020,18.68,19.81,19.85,18.3,40236,78021509.32,8.56,9.39,1.7,2.93
2024-10-08,003020,21.8,20.76,21.81,19.6,49215,102537085.11,11.16,4.8,0.95,3.59
2024-10-09,003020,19.81,18.83,20.36,18.8,40755,80112409.09,7.51,-9.3,-1.93,2.97
2024-10-10,003020,18.8,19.01,20.02,18.8,30711,60025613.25,6.48,0.96,0.18,2.24
2024-10-11,003020,19.2,18.34,19.3,18.17,23589,44099602.57,5.94,-3.52,-0.67,1.72
2024-10-14,003020,18.34,18.58,18.76,18.0,15696,29281239.68,4.14,1.31,0.24,1.14
2024-10-15,003020,18.45,18.07,18.63,18.05,15081,27950018.72,3.12,-2.74,-0.51,1.1
2024-10-16,003020,17.87,18.03,18.19,17.7,15774,28710421.11,2.71,-0.22,-0.04,1.15
2024-10-17,003020,18.05,17.81,18.29,17.81,14063,25666689.56,2.66,-1.22,-0.22,1.03
2024-10-18,003020,17.88,18.19,18.43,17.83,17571,32210701.57,3.37,2.13,0.38,1.28
2024-10-21,003020,18.35,18.42,18.59,18.07,16037,29756258.3,2.86,1.26,0.23,1.17
2024-10-22,003020,18.61,18.85,19.45,18.55,29866,56886430.64,4.89,2.33,0.43,2.18
2024-10-23,003020,18.8,18.6,18.95,18.46,14250,26867218.83,2.6,-1.33,-0.25,1.04
2024-10-24,003020,18.47,18.56,18.88,18.45,17501,33024487.6,2.31,-0.22,-0.04,1.28
2024-10-25,003020,18.5,18.67,18.8,18.47,17995,33892026.19,1.78,0.59,0.11,1.31
2024-10-28,003020,18.79,19.11,19.26,18.66,19966,38276006.42,3.21,2.36,0.44,1.46
2024-10-29,003020,19.12,18.74,19.25,18.63,16492,31418763.38,3.24,-1.94,-0.37,1.2
2024-10-30,003020,18.6,18.53,18.93,18.4,13875,26107067.44,2.83,-1.12,-0.21,1.01
2024-10-31,003020,18.48,18.25,18.68,18.17,20396,37975322.66,2.75,-1.51,-0.28,1.49
2024-11-01,003020,18.25,18.13,18.46,17.85,23473,43084591.64,3.34,-0.66,-0.12,1.71
2024-11-04,003020,18.16,18.31,18.31,18.05,14536,26802954.54,1.43,0.99,0.18,1.06
2024-11-05,003020,18.31,18.62,18.62,18.2,17591,32810760.94,2.29,1.69,0.31,1.28
2024-11-06,003020,18.64,18.71,18.86,18.4,16492,31122042.19,2.47,0.48,0.09,1.2
2024-11-07,003020,18.7,19.39,19.6,18.59,29771,57657070.34,5.4,3.63,0.68,2.17
2024-11-08,003020,19.44,19.1,19.69,19.02,21933,42614941.75,3.46,-1.5,-0.29,1.6
2024-11-11,003020,19.12,19.13,19.22,18.85,25733,49504360.1,1.94,0.16,0.03,1.86
2024-11-12,003020,19.29,19.49,19.93,19.18,38467,76178532.68,3.92,1.88,0.36,2.78
2024-11-13,003020,19.55,19.95,20.48,19.49,55812,113016621.33,5.08,2.36,0.46,4.04
2024-11-14,003020,19.92,19.17,20.31,19.02,38741,76651853.42,6.47,-3.91,-0.78,2.8
2024-11-15,003020,19.03,18.84,19.49,18.82,33894,65526977.5,3.5,-1.72,-0.33,2.45
2024-11-18,003020,18.84,18.63,19.03,18.39,23800,44870458.56,3.4,-1.11,-0.21,1.72
2024-11-19,003020,18.63,19.79,19.84,18.63,32870,64202611.55,6.49,6.23,1.16,2.38
2024-11-20,003020,19.6,20.1,20.8,19.51,53227,108864323.2,6.52,1.57,0.31,3.85
2024-11-21,003020,20.06,19.95,20.2,19.81,21795,44042520.88,1.94,-0.75,-0.15,1.58
2024-11-22,003020,19.97,19.05,19.97,19.02,23962,46950169.18,4.76,-4.51,-0.9,1.73
2024-11-25,003020,19.05,19.21,19.35,18.8,24282,46905153.8,2.89,0.84,0.16,1.76
2024-11-26,003020,19.22,19.0,19.49,18.98,22448,43648167.16,2.65,-1.09,-0.21,1.62
2024-11-27,003020,19.0,19.12,19.12,18.52,20019,38182611.76,3.16,0.63,0.12,1.45
2024-11-28,003020,19.1,19.04,19.22,18.9,15946,30736059.8,1.67,-0.42,-0.08,1.15
2024-11-29,003020,19.06,19.2,19.39,18.92,20168,39164935.53,2.47,0.84,0.16,1.46
2024-12-02,003020,19.26,19.23,19.42,19.14,23582,45914872.56,1.46,0.16,0.03,1.71
2024-12-03,003020,19.24,19.15,19.28,18.9,18536,35786148.82,1.98,-0.42,-0.08,1.34
2024-12-04,003020,19.08,18.79,19.09,18.71,16950,32361013.41,1.98,-1.88,-0.36,1.23
2024-12-05,003020,18.71,19.01,19.03,18.66,22372,42549401.81,1.97,1.17,0.22,1.62
2024-12-06,003020,19.01,19.37,19.49,18.8,28872,55909117.52,3.63,1.89,0.36,2.09
2024-12-09,003020,19.55,19.38,19.63,19.2,16507,32389320.3,2.22,0.05,0.01,1.19
2024-12-10,003020,19.78,19.4,19.97,19.3,26286,51889317.3,3.46,0.1,0.02,1.9
2024-12-11,003020,19.42,19.61,19.63,19.35,15707,30927320.03,1.44,1.08,0.21,1.14
2024-12-12,003020,19.65,19.7,19.95,19.57,30536,60718127.58,1.94,0.46,0.09,2.21
2024-12-13,003020,19.7,19.36,19.78,19.31,19589,38570961.25,2.39,-1.73,-0.34,1.42
2024-12-16,003020,19.31,19.25,19.55,19.13,12459,24288250.88,2.17,-0.57,-0.11,0.9
2024-12-17,003020,19.23,18.68,19.24,18.58,18390,34975912.1,3.43,-2.96,-0.57,1.33
2024-12-18,003020,18.74,18.37,18.75,18.33,17661,33065320.18,2.25,-1.66,-0.31,1.28
2024-12-19,003020,18.31,18.56,18.64,18.14,15921,29565787.48,2.72,1.03,0.19,1.15
2024-12-20,003020,18.5,18.66,18.72,18.4,11943,22455776.64,1.72,0.54,0.1,0.86
2024-12-23,003020,18.69,18.12,18.78,18.05,15538,28790943.62,3.91,-2.89,-0.54,1.12
2024-12-24,003020,18.19,18.33,18.41,18.13,9460,17482666.84,1.55,1.16,0.21,0.68
2024-12-25,003020,18.41,17.97,18.6,17.69,16005,29069926.22,4.96,-1.96,-0.36,1.16
2024-12-26,003020,17.85,18.02,18.06,17.85,9185,16687867.58,1.17,0.28,0.05,0.66
2024-12-27,003020,18.0,18.37,18.58,18.0,11417,21148040.5,3.22,1.94,0.35,0.83
2024-12-30,003020,18.25,18.2,18.36,18.12,10489,19318261.37,1.31,-0.93,-0.17,0.76
2024-12-31,003020,18.35,17.84,18.35,17.73,12024,21847273.66,3.41,-1.98,-0.36,0.87
2025-01-02,003020,17.85,17.42,17.95,17.28,12923,23015113.62,3.76,-2.35,-0.42,0.94
2025-01-03,003020,17.45,17.48,17.96,17.2,15341,27376696.02,4.36,0.34,0.06,1.11
2025-01-06,003020,17.56,17.92,18.09,17.34,14232,25653157.55,4.29,2.52,0.44,1.03
2025-01-07,003020,17.9,17.62,17.9,17.33,13194,23414726.92,3.18,-1.67,-0.3,0.95
2025-01-08,003020,17.66,17.92,17.96,17.36,11840,21170820.9,3.41,1.7,0.3,0.86
2025-01-09,003020,17.91,17.68,17.91,17.56,6694,11990332.34,1.95,-1.34,-0.24,0.48
2025-01-10,003020,17.7,17.49,18.28,17.46,11809,21421148.34,4.64,-1.07,-0.19,0.86
2025-01-13,003020,17.47,17.8,17.85,17.07,14494,25559904.48,4.46,1.77,0.31,1.05
2025-01-14,003020,17.69,18.04,18.12,17.66,12035,21853317.59,2.58,1.35,0.24,0.87
2025-01-15,003020,17.98,17.96,18.03,17.69,14252,25791743.25,1.88,-0.44,-0.08,1.03
2025-01-16,003020,17.98,18.4,18.69,17.91,19285,35718654.88,4.34,2.45,0.44,1.4
2025-01-17,003020,18.32,18.19,18.4,18.15,8275,15259950.55,1.36,-1.14,-0.21,0.6
2025-01-20,003020,18.55,18.23,18.55,18.02,12747,23447583.82,2.91,0.22,0.04,0.92
2025-01-21,003020,18.31,18.19,18.37,18.0,5404,9802604.8,2.03,-0.22,-0.04,0.39
2025-01-22,003020,18.1,18.1,18.21,17.89,9004,16234073.53,1.76,-0.49,-0.09,0.65
2025-01-23,003020,18.19,18.16,18.48,18.06,8654,15780482.11,2.32,0.33,0.06,0.63
2025-01-24,003020,18.18,17.87,18.19,17.82,9093,16310738.4,2.04,-1.6,-0.29,0.66
2025-01-27,003020,17.92,18.05,18.18,17.92,6148,11105435.2,1.45,1.01,0.18,0.45
2025-02-05,003020,18.26,17.96,18.26,17.85,7116,12791274.6,2.27,-0.5,-0.09,0.52
2025-02-06,003020,17.85,17.96,18.04,17.76,7685,13744671.63,1.56,0.0,0.0,0.56
2025-02-07,003020,17.95,18.06,18.15,17.84,11940,21499300.37,1.73,0.56,0.1,0.87
2025-02-10,003020,18.14,18.36,18.36,18.01,12718,23202545.71,1.94,1.66,0.3,0.92
2025-02-11,003020,18.32,18.2,18.44,18.09,7489,13625533.94,1.91,-0.87,-0.16,0.54
2025-02-12,003020,18.2,18.0,18.3,17.81,12615,22657043.96,2.69,-1.1,-0.2,0.91
2025-02-13,003020,17.97,17.83,17.97,17.7,14401,25657541.3,1.5,-0.94,-0.17,1.04
2025-02-14,003020,17.83,17.79,18.02,17.68,14360,25586888.11,1.91,-0.22,-0.04,1.04
2025-02-17,003020,17.8,17.85,17.9,17.66,13694,24329843.14,1.35,0.34,0.06,0.99
2025-02-18,003020,17.85,17.61,18.2,17.53,21664,38711371.77,3.75,-1.34,-0.24,1.57
2025-02-19,003020,17.58,17.45,17.58,17.4,16919,29521797.61,1.02,-0.91,-0.16,1.23
2025-02-20,003020,17.5,17.6,17.82,17.45,16718,29477486.94,2.12,0.86,0.15,1.21
2025-02-21,003020,17.59,17.9,18.18,17.25,38124,67492356.45,5.28,1.7,0.3,2.76
